{
    "\n": {
        "advance": 29,
        "bearingX": 4,
        "bearingY": 35,
        "codePoint": 10,
        "height": 35,
        "width": 21
    },
    " ": {
        "advance": 12,
        "bearingX": 0,
        "bearingY": 0,
        "codePoint": 32,
        "height": 0,
        "width": 0
    },
    ",": {
        "advance": 13,
        "bearingX": 1,
        "bearingY": 6,
        "codePoint": 44,
        "height": 12,
        "width": 9
    },
    ".": {
        "advance": 13,
        "bearingX": 3,
        "bearingY": 6,
        "codePoint": 46,
        "height": 6,
        "width": 7
    },
    "B": {
        "advance": 31,
        "bearingX": 4,
        "bearingY": 34,
        "codePoint": 66,
        "height": 34,
        "width": 25
    },
    "C": {
        "advance": 30,
        "bearingX": 2,
        "bearingY": 35,
        "codePoint": 67,
        "height": 35,
        "width": 27
    },
    "E": {
        "advance": 27,
        "bearingX": 4,
        "bearingY": 34,
        "codePoint": 69,
        "height": 34,
        "width": 20
    },
    "F": {
        "advance": 25,
        "bearingX": 4,
        "bearingY": 34,
        "codePoint": 70,
        "height": 34,
        "width": 20
    },
    "P": {
        "advance": 29,
        "bearingX": 4,
        "bearingY": 34,
        "codePoint": 80,
        "height": 34,
        "width": 23
    },
    "S": {
        "advance": 26,
        "bearingX": 2,
        "bearingY": 35,
        "codePoint": 83,
        "height": 35,
        "width": 23
    },
    "a": {
        "advance": 27,
        "bearingX": 2,
        "bearingY": 26,
        "codePoint": 97,
        "height": 26,
        "width": 22
    },
    "c": {
        "advance": 23,
        "bearingX": 2,
        "bearingY": 26,
        "codePoint": 99,
        "height": 26,
        "width": 20
    },
    "d": {
        "advance": 30,
        "bearingX": 2,
        "bearingY": 36,
        "codePoint": 100,
        "height": 36,
        "width": 24
    },
    "e": {
        "advance": 27,
        "bearingX": 2,
        "bearingY": 26,
        "codePoint": 101,
        "height": 26,
        "width": 23
    },
    "f": {
        "advance": 17,
        "bearingX": 0,
        "bearingY": 37,
        "codePoint": 102,
        "height": 37,
        "width": 19
    },
    "g": {
        "advance": 30,
        "bearingX": 2,
        "bearingY": 26,
        "codePoint": 103,
        "height": 37,
        "width": 24
    },
    "h": {
        "advance": 30,
        "bearingX": 4,
        "bearingY": 36,
        "codePoint": 104,
        "height": 36,
        "width": 22
    },
    "i": {
        "advance": 12,
        "bearingX": 3,
        "bearingY": 35,
        "codePoint": 105,
        "height": 35,
        "width": 6
    },
    "l": {
        "advance": 12,
        "bearingX": 4,
        "bearingY": 36,
        "codePoint": 108,
        "height": 36,
        "width": 5
    },
    "m": {
        "advance": 45,
        "bearingX": 4,
        "bearingY": 26,
        "codePoint": 109,
        "height": 26,
        "width": 37
    },
    "n": {
        "advance": 30,
        "bearingX": 4,
        "bearingY": 26,
        "codePoint": 110,
        "height": 26,
        "width": 22
    },
    "o": {
        "advance": 29,
        "bearingX": 2,
        "bearingY": 26,
        "codePoint": 111,
        "height": 26,
        "width": 25
    },
    "p": {
        "advance": 30,
        "bearingX": 4,
        "bearingY": 26,
        "codePoint": 112,
        "height": 37,
        "width": 23
    },
    "r": {
        "advance": 20,
        "bearingX": 4,
        "bearingY": 26,
        "codePoint": 114,
        "height": 26,
        "width": 16
    },
    "s": {
        "advance": 23,
        "bearingX": 2,
        "bearingY": 26,
        "codePoint": 115,
        "height": 26,
        "width": 19
    },
    "t": {
        "advance": 17,
        "bearingX": 0,
        "bearingY": 32,
        "codePoint": 116,
        "height": 32,
        "width": 17
    },
    "u": {
        "advance": 30,
        "bearingX": 3,
        "bearingY": 26,
        "codePoint": 117,
        "height": 26,
        "width": 23
    },
    "y": {
        "advance": 24,
        "bearingX": 0,
        "bearingY": 26,
        "codePoint": 121,
        "height": 37,
        "width": 25
    }
}
