{
    "images": [
        {
            "id": "{0aff0511-24f4-4cb4-bb45-5bf086adbc88}",
            "name": "mchpLogo_small",
            "type": "RGB"
        },
        {
            "id": "{bc0d3ebc-852f-468a-a166-aae2044e7a1c}",
            "name": "MHGS_logo_smaller",
            "type": "RGB"
        },
        {
            "id": "{61c4aae3-7538-4aec-91f7-177830453f88}",
            "name": "QuickstartDown_WQVGA",
            "type": "RGB"
        },
        {
            "id": "{1b6f011c-4479-4e8d-85d9-d8a78f2145ba}",
            "name": "QuickstartUp_WQVGA",
            "type": "RGB"
        },
        {
            "id": "{1515d325-c3ca-40b1-8780-13d267ca0225}",
            "name": "background0",
            "type": "RGB"
        },
        {
            "id": "{b2e11ff8-df7d-434d-9c85-00182c516cd6}",
            "name": "button_off",
            "type": "RGB"
        },
        {
            "id": "{979d44e2-6ddb-4934-bee6-c53e72bcda53}",
            "name": "button_on",
            "type": "RGB"
        },
        {
            "id": "{8c2df2c7-b2fc-41a5-951f-b586b1483d12}",
            "name": "MicrochipLogo",
            "type": "RGB"
        },
        {
            "id": "{6a15d811-d286-4da8-91e7-fa11b82ada96}",
            "name": "round_power_off",
            "type": "RGB"
        },
        {
            "id": "{7fe2a009-4163-485e-b33f-15a68ef3319b}",
            "name": "round_power_on",
            "type": "RGB"
        }
    ],
    "paths": [
    ]
}
