{
    "activeLayer": "{b0834063-f16c-493c-828d-8a5572f567a0}",
    "events": {
    },
    "layers": [
        {
            "children": [
                {
                    "properties": {
                        "__categories": [
                            {
                                "expanded": true,
                                "id": "widget",
                                "visible": true
                            },
                            {
                                "expanded": true,
                                "id": "editorOptions",
                                "visible": true
                            }
                        ],
                        "__groups": [
                            {
                                "expanded": false,
                                "id": "position",
                                "visible": true
                            },
                            {
                                "expanded": false,
                                "id": "size",
                                "visible": true
                            },
                            {
                                "expanded": false,
                                "id": "alignment",
                                "visible": true
                            },
                            {
                                "expanded": false,
                                "id": "margins",
                                "visible": true
                            }
                        ],
                        "alphaEnable": {
                            "enabled": true,
                            "type": "boolean",
                            "value": false,
                            "visible": true
                        },
                        "alphaLevel": {
                            "enabled": true,
                            "type": "integer",
                            "value": 255,
                            "visible": true
                        },
                        "background": {
                            "enabled": true,
                            "type": "combo",
                            "value": 1,
                            "visible": true
                        },
                        "border": {
                            "enabled": true,
                            "type": "combo",
                            "value": 0,
                            "visible": true
                        },
                        "editorExpanded": {
                            "enabled": true,
                            "type": "boolean",
                            "value": true,
                            "visible": false
                        },
                        "editorHidden": {
                            "enabled": true,
                            "type": "boolean",
                            "value": false,
                            "visible": true
                        },
                        "editorLocked": {
                            "enabled": true,
                            "type": "boolean",
                            "value": false,
                            "visible": true
                        },
                        "enabled": {
                            "enabled": true,
                            "type": "boolean",
                            "value": true,
                            "visible": true
                        },
                        "halign": {
                            "enabled": true,
                            "type": "combo",
                            "value": 1,
                            "visible": true
                        },
                        "height": {
                            "enabled": true,
                            "type": "integer",
                            "value": 480,
                            "visible": true
                        },
                        "id": {
                            "enabled": true,
                            "type": "uuid",
                            "value": "{ab4bcf77-0e99-460a-a597-8685e1090f58}",
                            "visible": true
                        },
                        "marginBottom": {
                            "enabled": true,
                            "type": "integer",
                            "value": 4,
                            "visible": true
                        },
                        "marginLeft": {
                            "enabled": true,
                            "type": "integer",
                            "value": 4,
                            "visible": true
                        },
                        "marginRight": {
                            "enabled": true,
                            "type": "integer",
                            "value": 4,
                            "visible": true
                        },
                        "marginTop": {
                            "enabled": true,
                            "type": "integer",
                            "value": 4,
                            "visible": true
                        },
                        "name": {
                            "enabled": true,
                            "type": "text",
                            "value": "default_Layer0_FillPanel",
                            "visible": true
                        },
                        "scheme": {
                            "enabled": true,
                            "type": "scheme",
                            "value": "{aef892d8-8612-4402-a61b-a621e45be29c}",
                            "visible": true
                        },
                        "valign": {
                            "enabled": true,
                            "type": "combo",
                            "value": 1,
                            "visible": true
                        },
                        "visible": {
                            "enabled": true,
                            "type": "boolean",
                            "value": true,
                            "visible": true
                        },
                        "width": {
                            "enabled": true,
                            "type": "integer",
                            "value": 800,
                            "visible": true
                        },
                        "x": {
                            "enabled": true,
                            "type": "integer",
                            "value": 0,
                            "visible": true
                        },
                        "y": {
                            "enabled": true,
                            "type": "integer",
                            "value": 0,
                            "visible": true
                        }
                    },
                    "type": "PanelWidget"
                },
                {
                    "properties": {
                        "__categories": [
                            {
                                "expanded": true,
                                "id": "widget",
                                "visible": true
                            },
                            {
                                "expanded": true,
                                "id": "image",
                                "visible": true
                            },
                            {
                                "expanded": true,
                                "id": "editorOptions",
                                "visible": true
                            }
                        ],
                        "__groups": [
                            {
                                "expanded": false,
                                "id": "position",
                                "visible": true
                            },
                            {
                                "expanded": false,
                                "id": "size",
                                "visible": true
                            },
                            {
                                "expanded": false,
                                "id": "alignment",
                                "visible": true
                            },
                            {
                                "expanded": false,
                                "id": "margins",
                                "visible": true
                            }
                        ],
                        "alphaEnable": {
                            "enabled": true,
                            "type": "boolean",
                            "value": false,
                            "visible": true
                        },
                        "alphaLevel": {
                            "enabled": true,
                            "type": "integer",
                            "value": 255,
                            "visible": true
                        },
                        "background": {
                            "enabled": true,
                            "type": "combo",
                            "value": 0,
                            "visible": true
                        },
                        "border": {
                            "enabled": true,
                            "type": "combo",
                            "value": 0,
                            "visible": true
                        },
                        "editorExpanded": {
                            "enabled": true,
                            "type": "boolean",
                            "value": true,
                            "visible": false
                        },
                        "editorHidden": {
                            "enabled": true,
                            "type": "boolean",
                            "value": false,
                            "visible": true
                        },
                        "editorLocked": {
                            "enabled": true,
                            "type": "boolean",
                            "value": false,
                            "visible": true
                        },
                        "enabled": {
                            "enabled": true,
                            "type": "boolean",
                            "value": true,
                            "visible": true
                        },
                        "halign": {
                            "enabled": true,
                            "type": "combo",
                            "value": 1,
                            "visible": true
                        },
                        "height": {
                            "enabled": true,
                            "type": "integer",
                            "value": 40,
                            "visible": true
                        },
                        "id": {
                            "enabled": true,
                            "type": "uuid",
                            "value": "{f8aaa824-e658-46c8-abb5-3da21725dc9e}",
                            "visible": true
                        },
                        "image": {
                            "enabled": true,
                            "type": "image",
                            "value": "{e1cf949a-2b27-4f2b-86ab-ef292f8d988d}",
                            "visible": true
                        },
                        "marginBottom": {
                            "enabled": true,
                            "type": "integer",
                            "value": 4,
                            "visible": true
                        },
                        "marginLeft": {
                            "enabled": true,
                            "type": "integer",
                            "value": 4,
                            "visible": true
                        },
                        "marginRight": {
                            "enabled": true,
                            "type": "integer",
                            "value": 4,
                            "visible": true
                        },
                        "marginTop": {
                            "enabled": true,
                            "type": "integer",
                            "value": 4,
                            "visible": true
                        },
                        "name": {
                            "enabled": true,
                            "type": "text",
                            "value": "ImageWidget0",
                            "visible": true
                        },
                        "scheme": {
                            "enabled": true,
                            "type": "scheme",
                            "value": "{00000000-0000-0000-0000-000000000000}",
                            "visible": true
                        },
                        "valign": {
                            "enabled": true,
                            "type": "combo",
                            "value": 1,
                            "visible": true
                        },
                        "visible": {
                            "enabled": true,
                            "type": "boolean",
                            "value": true,
                            "visible": true
                        },
                        "width": {
                            "enabled": true,
                            "type": "integer",
                            "value": 152,
                            "visible": true
                        },
                        "x": {
                            "enabled": true,
                            "type": "integer",
                            "value": 11,
                            "visible": true
                        },
                        "y": {
                            "enabled": true,
                            "type": "integer",
                            "value": 11,
                            "visible": true
                        }
                    },
                    "type": "ImageWidget"
                },
                {
                    "properties": {
                        "__categories": [
                            {
                                "expanded": true,
                                "id": "widget",
                                "visible": true
                            },
                            {
                                "expanded": true,
                                "id": "image",
                                "visible": true
                            },
                            {
                                "expanded": true,
                                "id": "editorOptions",
                                "visible": true
                            }
                        ],
                        "__groups": [
                            {
                                "expanded": false,
                                "id": "position",
                                "visible": true
                            },
                            {
                                "expanded": false,
                                "id": "size",
                                "visible": true
                            },
                            {
                                "expanded": false,
                                "id": "alignment",
                                "visible": true
                            },
                            {
                                "expanded": false,
                                "id": "margins",
                                "visible": true
                            }
                        ],
                        "alphaEnable": {
                            "enabled": true,
                            "type": "boolean",
                            "value": false,
                            "visible": true
                        },
                        "alphaLevel": {
                            "enabled": true,
                            "type": "integer",
                            "value": 255,
                            "visible": true
                        },
                        "background": {
                            "enabled": true,
                            "type": "combo",
                            "value": 1,
                            "visible": true
                        },
                        "border": {
                            "enabled": true,
                            "type": "combo",
                            "value": 0,
                            "visible": true
                        },
                        "editorExpanded": {
                            "enabled": true,
                            "type": "boolean",
                            "value": true,
                            "visible": true
                        },
                        "editorHidden": {
                            "enabled": true,
                            "type": "boolean",
                            "value": false,
                            "visible": true
                        },
                        "editorLocked": {
                            "enabled": true,
                            "type": "boolean",
                            "value": false,
                            "visible": true
                        },
                        "enabled": {
                            "enabled": true,
                            "type": "boolean",
                            "value": true,
                            "visible": true
                        },
                        "halign": {
                            "enabled": true,
                            "type": "combo",
                            "value": 1,
                            "visible": true
                        },
                        "height": {
                            "enabled": true,
                            "type": "integer",
                            "value": 326,
                            "visible": true
                        },
                        "id": {
                            "enabled": true,
                            "type": "uuid",
                            "value": "{4a2f4038-d64a-4c74-9804-f326bf2c902b}",
                            "visible": true
                        },
                        "image": {
                            "enabled": true,
                            "type": "image",
                            "value": "{98b00f2d-090b-4174-9e52-f4d35d9b902e}",
                            "visible": true
                        },
                        "marginBottom": {
                            "enabled": true,
                            "type": "integer",
                            "value": 4,
                            "visible": true
                        },
                        "marginLeft": {
                            "enabled": true,
                            "type": "integer",
                            "value": 4,
                            "visible": true
                        },
                        "marginRight": {
                            "enabled": true,
                            "type": "integer",
                            "value": 4,
                            "visible": true
                        },
                        "marginTop": {
                            "enabled": true,
                            "type": "integer",
                            "value": 4,
                            "visible": true
                        },
                        "name": {
                            "enabled": true,
                            "type": "text",
                            "value": "ImageWidget1",
                            "visible": true
                        },
                        "scheme": {
                            "enabled": true,
                            "type": "scheme",
                            "value": "{00000000-0000-0000-0000-000000000000}",
                            "visible": true
                        },
                        "valign": {
                            "enabled": true,
                            "type": "combo",
                            "value": 1,
                            "visible": true
                        },
                        "visible": {
                            "enabled": true,
                            "type": "boolean",
                            "value": true,
                            "visible": true
                        },
                        "width": {
                            "enabled": true,
                            "type": "integer",
                            "value": 800,
                            "visible": true
                        },
                        "x": {
                            "enabled": true,
                            "type": "integer",
                            "value": 0,
                            "visible": true
                        },
                        "y": {
                            "enabled": true,
                            "type": "integer",
                            "value": 75,
                            "visible": true
                        }
                    },
                    "type": "ImageWidget"
                }
            ],
            "properties": {
                "__categories": [
                    {
                        "expanded": true,
                        "id": "layer",
                        "visible": true
                    },
                    {
                        "expanded": true,
                        "id": "editorOptions",
                        "visible": true
                    }
                ],
                "__groups": [
                    {
                        "expanded": false,
                        "id": "position",
                        "visible": false
                    },
                    {
                        "expanded": false,
                        "id": "size",
                        "visible": false
                    },
                    {
                        "expanded": false,
                        "id": "alignment",
                        "visible": true
                    },
                    {
                        "expanded": false,
                        "id": "margins",
                        "visible": true
                    }
                ],
                "alphaEnable": {
                    "enabled": true,
                    "type": "boolean",
                    "value": false,
                    "visible": true
                },
                "alphaLevel": {
                    "enabled": true,
                    "type": "integer",
                    "value": 255,
                    "visible": true
                },
                "background": {
                    "enabled": true,
                    "type": "combo",
                    "value": 0,
                    "visible": true
                },
                "border": {
                    "enabled": true,
                    "type": "combo",
                    "value": 0,
                    "visible": true
                },
                "clearMode": {
                    "enabled": true,
                    "type": "combo",
                    "value": 0,
                    "visible": true
                },
                "colorMode": {
                    "enabled": true,
                    "type": "combo",
                    "value": 6,
                    "visible": true
                },
                "editorExpanded": {
                    "enabled": true,
                    "type": "boolean",
                    "value": true,
                    "visible": false
                },
                "editorHidden": {
                    "enabled": true,
                    "type": "boolean",
                    "value": false,
                    "visible": true
                },
                "editorLocked": {
                    "enabled": true,
                    "type": "boolean",
                    "value": false,
                    "visible": true
                },
                "enabled": {
                    "enabled": true,
                    "type": "boolean",
                    "value": true,
                    "visible": true
                },
                "halign": {
                    "enabled": true,
                    "type": "combo",
                    "value": 1,
                    "visible": true
                },
                "height": {
                    "enabled": true,
                    "type": "integer",
                    "value": 480,
                    "visible": true
                },
                "id": {
                    "enabled": true,
                    "type": "uuid",
                    "value": "{031342c3-6e3e-4ee9-a9e8-6c39c58085b4}",
                    "visible": true
                },
                "marginBottom": {
                    "enabled": true,
                    "type": "integer",
                    "value": 4,
                    "visible": true
                },
                "marginLeft": {
                    "enabled": true,
                    "type": "integer",
                    "value": 4,
                    "visible": true
                },
                "marginRight": {
                    "enabled": true,
                    "type": "integer",
                    "value": 4,
                    "visible": true
                },
                "marginTop": {
                    "enabled": true,
                    "type": "integer",
                    "value": 4,
                    "visible": true
                },
                "name": {
                    "enabled": true,
                    "type": "text",
                    "value": "Layer0",
                    "visible": true
                },
                "renderMode": {
                    "enabled": true,
                    "type": "combo",
                    "value": 1,
                    "visible": true
                },
                "scheme": {
                    "enabled": true,
                    "type": "scheme",
                    "value": "{00000000-0000-0000-0000-000000000000}",
                    "visible": true
                },
                "sizeLocked": {
                    "enabled": true,
                    "type": "boolean",
                    "value": true,
                    "visible": true
                },
                "valign": {
                    "enabled": true,
                    "type": "combo",
                    "value": 1,
                    "visible": true
                },
                "visible": {
                    "enabled": true,
                    "type": "boolean",
                    "value": true,
                    "visible": true
                },
                "width": {
                    "enabled": true,
                    "type": "integer",
                    "value": 800,
                    "visible": true
                },
                "x": {
                    "enabled": true,
                    "type": "integer",
                    "value": 0,
                    "visible": true
                },
                "y": {
                    "enabled": true,
                    "type": "integer",
                    "value": 0,
                    "visible": true
                }
            }
        },
        {
            "children": [
                {
                    "properties": {
                        "__categories": [
                            {
                                "expanded": true,
                                "id": "widget",
                                "visible": true
                            },
                            {
                                "expanded": true,
                                "id": "rectangle",
                                "visible": true
                            },
                            {
                                "expanded": true,
                                "id": "editorOptions",
                                "visible": true
                            }
                        ],
                        "__groups": [
                            {
                                "expanded": false,
                                "id": "position",
                                "visible": true
                            },
                            {
                                "expanded": false,
                                "id": "size",
                                "visible": true
                            },
                            {
                                "expanded": false,
                                "id": "alignment",
                                "visible": true
                            },
                            {
                                "expanded": false,
                                "id": "margins",
                                "visible": true
                            }
                        ],
                        "alphaEnable": {
                            "enabled": true,
                            "type": "boolean",
                            "value": false,
                            "visible": true
                        },
                        "alphaLevel": {
                            "enabled": true,
                            "type": "integer",
                            "value": 255,
                            "visible": true
                        },
                        "background": {
                            "enabled": true,
                            "type": "combo",
                            "value": 1,
                            "visible": true
                        },
                        "border": {
                            "enabled": true,
                            "type": "combo",
                            "value": 0,
                            "visible": true
                        },
                        "editorExpanded": {
                            "enabled": true,
                            "type": "boolean",
                            "value": true,
                            "visible": true
                        },
                        "editorHidden": {
                            "enabled": true,
                            "type": "boolean",
                            "value": false,
                            "visible": true
                        },
                        "editorLocked": {
                            "enabled": true,
                            "type": "boolean",
                            "value": false,
                            "visible": true
                        },
                        "enabled": {
                            "enabled": true,
                            "type": "boolean",
                            "value": true,
                            "visible": true
                        },
                        "halign": {
                            "enabled": true,
                            "type": "combo",
                            "value": 1,
                            "visible": true
                        },
                        "height": {
                            "enabled": true,
                            "type": "integer",
                            "value": 157,
                            "visible": true
                        },
                        "id": {
                            "enabled": true,
                            "type": "uuid",
                            "value": "{48827e11-2ca7-4202-85a2-322bc5189ca1}",
                            "visible": true
                        },
                        "marginBottom": {
                            "enabled": true,
                            "type": "integer",
                            "value": 4,
                            "visible": true
                        },
                        "marginLeft": {
                            "enabled": true,
                            "type": "integer",
                            "value": 4,
                            "visible": true
                        },
                        "marginRight": {
                            "enabled": true,
                            "type": "integer",
                            "value": 4,
                            "visible": true
                        },
                        "marginTop": {
                            "enabled": true,
                            "type": "integer",
                            "value": 4,
                            "visible": true
                        },
                        "name": {
                            "enabled": true,
                            "type": "text",
                            "value": "RectangleWidget_0",
                            "visible": true
                        },
                        "scheme": {
                            "enabled": true,
                            "type": "scheme",
                            "value": "{02c86f75-0ae7-464a-a309-761af25ea7e9}",
                            "visible": true
                        },
                        "thickness": {
                            "enabled": true,
                            "type": "integer",
                            "value": 2,
                            "visible": true
                        },
                        "valign": {
                            "enabled": true,
                            "type": "combo",
                            "value": 1,
                            "visible": true
                        },
                        "visible": {
                            "enabled": true,
                            "type": "boolean",
                            "value": true,
                            "visible": true
                        },
                        "width": {
                            "enabled": true,
                            "type": "integer",
                            "value": 447,
                            "visible": true
                        },
                        "x": {
                            "enabled": true,
                            "type": "integer",
                            "value": 191,
                            "visible": true
                        },
                        "y": {
                            "enabled": true,
                            "type": "integer",
                            "value": 177,
                            "visible": true
                        }
                    },
                    "type": "RectangleWidget"
                },
                {
                    "properties": {
                        "__categories": [
                            {
                                "expanded": true,
                                "id": "widget",
                                "visible": true
                            },
                            {
                                "expanded": true,
                                "id": "label",
                                "visible": true
                            },
                            {
                                "expanded": true,
                                "id": "editorOptions",
                                "visible": true
                            }
                        ],
                        "__groups": [
                            {
                                "expanded": false,
                                "id": "position",
                                "visible": true
                            },
                            {
                                "expanded": false,
                                "id": "size",
                                "visible": true
                            },
                            {
                                "expanded": false,
                                "id": "alignment",
                                "visible": true
                            },
                            {
                                "expanded": false,
                                "id": "margins",
                                "visible": true
                            }
                        ],
                        "alphaEnable": {
                            "enabled": true,
                            "type": "boolean",
                            "value": false,
                            "visible": true
                        },
                        "alphaLevel": {
                            "enabled": true,
                            "type": "integer",
                            "value": 255,
                            "visible": true
                        },
                        "background": {
                            "enabled": true,
                            "type": "combo",
                            "value": 0,
                            "visible": true
                        },
                        "border": {
                            "enabled": true,
                            "type": "combo",
                            "value": 0,
                            "visible": true
                        },
                        "editorExpanded": {
                            "enabled": true,
                            "type": "boolean",
                            "value": true,
                            "visible": false
                        },
                        "editorHidden": {
                            "enabled": true,
                            "type": "boolean",
                            "value": false,
                            "visible": true
                        },
                        "editorLocked": {
                            "enabled": true,
                            "type": "boolean",
                            "value": false,
                            "visible": true
                        },
                        "enabled": {
                            "enabled": true,
                            "type": "boolean",
                            "value": true,
                            "visible": true
                        },
                        "halign": {
                            "enabled": true,
                            "type": "combo",
                            "value": 0,
                            "visible": true
                        },
                        "height": {
                            "enabled": true,
                            "type": "integer",
                            "value": 114,
                            "visible": true
                        },
                        "id": {
                            "enabled": true,
                            "type": "uuid",
                            "value": "{6cc698db-25e1-4ed4-82b2-afcf8b07977e}",
                            "visible": true
                        },
                        "marginBottom": {
                            "enabled": true,
                            "type": "integer",
                            "value": 4,
                            "visible": true
                        },
                        "marginLeft": {
                            "enabled": true,
                            "type": "integer",
                            "value": 4,
                            "visible": true
                        },
                        "marginRight": {
                            "enabled": true,
                            "type": "integer",
                            "value": 4,
                            "visible": true
                        },
                        "marginTop": {
                            "enabled": true,
                            "type": "integer",
                            "value": 4,
                            "visible": true
                        },
                        "name": {
                            "enabled": true,
                            "type": "text",
                            "value": "LabelWidget2",
                            "visible": true
                        },
                        "scheme": {
                            "enabled": true,
                            "type": "scheme",
                            "value": "{161683a5-c8f5-4eb2-90a4-bee7495d9307}",
                            "visible": true
                        },
                        "string": {
                            "enabled": true,
                            "type": "string",
                            "value": "{2684c55b-a629-412c-877f-719ecbf33d5c}",
                            "visible": true
                        },
                        "valign": {
                            "enabled": true,
                            "type": "combo",
                            "value": 1,
                            "visible": true
                        },
                        "visible": {
                            "enabled": true,
                            "type": "boolean",
                            "value": true,
                            "visible": true
                        },
                        "width": {
                            "enabled": true,
                            "type": "integer",
                            "value": 350,
                            "visible": true
                        },
                        "x": {
                            "enabled": true,
                            "type": "integer",
                            "value": 257,
                            "visible": true
                        },
                        "y": {
                            "enabled": true,
                            "type": "integer",
                            "value": 209,
                            "visible": true
                        }
                    },
                    "type": "LabelWidget"
                }
            ],
            "properties": {
                "__categories": [
                    {
                        "expanded": true,
                        "id": "layer",
                        "visible": true
                    },
                    {
                        "expanded": true,
                        "id": "editorOptions",
                        "visible": true
                    }
                ],
                "__groups": [
                    {
                        "expanded": false,
                        "id": "position",
                        "visible": false
                    },
                    {
                        "expanded": false,
                        "id": "size",
                        "visible": false
                    },
                    {
                        "expanded": false,
                        "id": "alignment",
                        "visible": true
                    },
                    {
                        "expanded": false,
                        "id": "margins",
                        "visible": true
                    }
                ],
                "alphaEnable": {
                    "enabled": true,
                    "type": "boolean",
                    "value": false,
                    "visible": true
                },
                "alphaLevel": {
                    "enabled": true,
                    "type": "integer",
                    "value": 255,
                    "visible": true
                },
                "background": {
                    "enabled": true,
                    "type": "combo",
                    "value": 0,
                    "visible": true
                },
                "border": {
                    "enabled": true,
                    "type": "combo",
                    "value": 0,
                    "visible": true
                },
                "clearMode": {
                    "enabled": true,
                    "type": "combo",
                    "value": 0,
                    "visible": true
                },
                "colorMode": {
                    "enabled": true,
                    "type": "combo",
                    "value": 6,
                    "visible": true
                },
                "editorExpanded": {
                    "enabled": true,
                    "type": "boolean",
                    "value": true,
                    "visible": false
                },
                "editorHidden": {
                    "enabled": true,
                    "type": "boolean",
                    "value": false,
                    "visible": true
                },
                "editorLocked": {
                    "enabled": true,
                    "type": "boolean",
                    "value": false,
                    "visible": true
                },
                "enabled": {
                    "enabled": true,
                    "type": "boolean",
                    "value": true,
                    "visible": true
                },
                "halign": {
                    "enabled": true,
                    "type": "combo",
                    "value": 1,
                    "visible": true
                },
                "height": {
                    "enabled": true,
                    "type": "integer",
                    "value": 480,
                    "visible": true
                },
                "id": {
                    "enabled": true,
                    "type": "uuid",
                    "value": "{edb6068a-e993-43f1-9642-0cd0835f85a8}",
                    "visible": true
                },
                "marginBottom": {
                    "enabled": true,
                    "type": "integer",
                    "value": 4,
                    "visible": true
                },
                "marginLeft": {
                    "enabled": true,
                    "type": "integer",
                    "value": 4,
                    "visible": true
                },
                "marginRight": {
                    "enabled": true,
                    "type": "integer",
                    "value": 4,
                    "visible": true
                },
                "marginTop": {
                    "enabled": true,
                    "type": "integer",
                    "value": 4,
                    "visible": true
                },
                "name": {
                    "enabled": true,
                    "type": "text",
                    "value": "Layer1",
                    "visible": true
                },
                "renderMode": {
                    "enabled": true,
                    "type": "combo",
                    "value": 1,
                    "visible": true
                },
                "scheme": {
                    "enabled": true,
                    "type": "scheme",
                    "value": "{00000000-0000-0000-0000-000000000000}",
                    "visible": true
                },
                "sizeLocked": {
                    "enabled": true,
                    "type": "boolean",
                    "value": true,
                    "visible": true
                },
                "valign": {
                    "enabled": true,
                    "type": "combo",
                    "value": 1,
                    "visible": true
                },
                "visible": {
                    "enabled": true,
                    "type": "boolean",
                    "value": true,
                    "visible": true
                },
                "width": {
                    "enabled": true,
                    "type": "integer",
                    "value": 800,
                    "visible": true
                },
                "x": {
                    "enabled": true,
                    "type": "integer",
                    "value": 0,
                    "visible": true
                },
                "y": {
                    "enabled": true,
                    "type": "integer",
                    "value": 0,
                    "visible": true
                }
            }
        },
        {
            "children": [
                {
                    "events": {
                        "pressEvent": {
                            "enabled": "false",
                            "properties": {
                                "__categories": [
                                ],
                                "__groups": [
                                ],
                                "enabled": {
                                    "enabled": true,
                                    "type": "boolean",
                                    "value": false,
                                    "visible": true
                                },
                                "id": {
                                    "enabled": true,
                                    "type": "uuid",
                                    "value": "{d75b9de7-9b17-4354-b531-160276dca20c}",
                                    "visible": true
                                }
                            }
                        },
                        "releaseEvent": {
                            "enabled": "true",
                            "properties": {
                                "__categories": [
                                ],
                                "__groups": [
                                ],
                                "enabled": {
                                    "enabled": true,
                                    "type": "boolean",
                                    "value": true,
                                    "visible": true
                                },
                                "id": {
                                    "enabled": true,
                                    "type": "uuid",
                                    "value": "{dce11277-1ed3-4c87-b7a2-7eada9ceebb0}",
                                    "visible": true
                                }
                            }
                        }
                    },
                    "properties": {
                        "__categories": [
                            {
                                "expanded": true,
                                "id": "widget",
                                "visible": true
                            },
                            {
                                "expanded": true,
                                "id": "button",
                                "visible": true
                            },
                            {
                                "expanded": true,
                                "id": "event",
                                "visible": true
                            },
                            {
                                "expanded": true,
                                "id": "editorOptions",
                                "visible": true
                            }
                        ],
                        "__groups": [
                            {
                                "expanded": false,
                                "id": "position",
                                "visible": true
                            },
                            {
                                "expanded": false,
                                "id": "size",
                                "visible": true
                            },
                            {
                                "expanded": false,
                                "id": "alignment",
                                "visible": true
                            },
                            {
                                "expanded": false,
                                "id": "margins",
                                "visible": true
                            }
                        ],
                        "alphaEnable": {
                            "enabled": true,
                            "type": "boolean",
                            "value": false,
                            "visible": true
                        },
                        "alphaLevel": {
                            "enabled": true,
                            "type": "integer",
                            "value": 255,
                            "visible": true
                        },
                        "background": {
                            "enabled": true,
                            "type": "combo",
                            "value": 0,
                            "visible": true
                        },
                        "border": {
                            "enabled": true,
                            "type": "combo",
                            "value": 0,
                            "visible": true
                        },
                        "editorExpanded": {
                            "enabled": true,
                            "type": "boolean",
                            "value": true,
                            "visible": false
                        },
                        "editorHidden": {
                            "enabled": true,
                            "type": "boolean",
                            "value": false,
                            "visible": true
                        },
                        "editorLocked": {
                            "enabled": true,
                            "type": "boolean",
                            "value": false,
                            "visible": true
                        },
                        "enabled": {
                            "enabled": true,
                            "type": "boolean",
                            "value": true,
                            "visible": true
                        },
                        "halign": {
                            "enabled": true,
                            "type": "combo",
                            "value": 1,
                            "visible": true
                        },
                        "height": {
                            "enabled": true,
                            "type": "integer",
                            "value": 75,
                            "visible": true
                        },
                        "id": {
                            "enabled": true,
                            "type": "uuid",
                            "value": "{4b7ec5d1-f991-454a-b27e-ce0a170242d5}",
                            "visible": true
                        },
                        "imageMargin": {
                            "enabled": true,
                            "type": "integer",
                            "value": 10,
                            "visible": true
                        },
                        "imagePosition": {
                            "enabled": true,
                            "type": "combo",
                            "value": 0,
                            "visible": true
                        },
                        "marginBottom": {
                            "enabled": true,
                            "type": "integer",
                            "value": 4,
                            "visible": true
                        },
                        "marginLeft": {
                            "enabled": true,
                            "type": "integer",
                            "value": 4,
                            "visible": true
                        },
                        "marginRight": {
                            "enabled": true,
                            "type": "integer",
                            "value": 4,
                            "visible": true
                        },
                        "marginTop": {
                            "enabled": true,
                            "type": "integer",
                            "value": 4,
                            "visible": true
                        },
                        "name": {
                            "enabled": true,
                            "type": "text",
                            "value": "ButtonWidget1",
                            "visible": true
                        },
                        "pressOffset": {
                            "enabled": true,
                            "type": "integer",
                            "value": 1,
                            "visible": true
                        },
                        "pressed": {
                            "enabled": true,
                            "type": "boolean",
                            "value": false,
                            "visible": false
                        },
                        "pressedImage": {
                            "enabled": true,
                            "type": "image",
                            "value": "{eda93748-3af2-43eb-9ec2-8fa859c69f97}",
                            "visible": true
                        },
                        "releasedImage": {
                            "enabled": true,
                            "type": "image",
                            "value": "{fa4f941f-7d25-447e-ace0-925d1e50133e}",
                            "visible": true
                        },
                        "scheme": {
                            "enabled": true,
                            "type": "scheme",
                            "value": "{00000000-0000-0000-0000-000000000000}",
                            "visible": true
                        },
                        "string": {
                            "enabled": true,
                            "type": "string",
                            "value": "{00000000-0000-0000-0000-000000000000}",
                            "visible": true
                        },
                        "toggleable": {
                            "enabled": true,
                            "type": "boolean",
                            "value": false,
                            "visible": true
                        },
                        "valign": {
                            "enabled": true,
                            "type": "combo",
                            "value": 1,
                            "visible": true
                        },
                        "visible": {
                            "enabled": true,
                            "type": "boolean",
                            "value": true,
                            "visible": true
                        },
                        "width": {
                            "enabled": true,
                            "type": "integer",
                            "value": 75,
                            "visible": true
                        },
                        "x": {
                            "enabled": true,
                            "type": "integer",
                            "value": 717,
                            "visible": true
                        },
                        "y": {
                            "enabled": true,
                            "type": "integer",
                            "value": 7,
                            "visible": true
                        }
                    },
                    "type": "ButtonWidget"
                }
            ],
            "properties": {
                "__categories": [
                    {
                        "expanded": true,
                        "id": "layer",
                        "visible": true
                    },
                    {
                        "expanded": true,
                        "id": "editorOptions",
                        "visible": true
                    }
                ],
                "__groups": [
                    {
                        "expanded": false,
                        "id": "position",
                        "visible": false
                    },
                    {
                        "expanded": false,
                        "id": "size",
                        "visible": false
                    },
                    {
                        "expanded": false,
                        "id": "alignment",
                        "visible": true
                    },
                    {
                        "expanded": false,
                        "id": "margins",
                        "visible": true
                    }
                ],
                "alphaEnable": {
                    "enabled": true,
                    "type": "boolean",
                    "value": false,
                    "visible": true
                },
                "alphaLevel": {
                    "enabled": true,
                    "type": "integer",
                    "value": 255,
                    "visible": true
                },
                "background": {
                    "enabled": true,
                    "type": "combo",
                    "value": 0,
                    "visible": true
                },
                "border": {
                    "enabled": true,
                    "type": "combo",
                    "value": 0,
                    "visible": true
                },
                "clearMode": {
                    "enabled": true,
                    "type": "combo",
                    "value": 0,
                    "visible": true
                },
                "colorMode": {
                    "enabled": true,
                    "type": "combo",
                    "value": 6,
                    "visible": true
                },
                "editorExpanded": {
                    "enabled": true,
                    "type": "boolean",
                    "value": true,
                    "visible": false
                },
                "editorHidden": {
                    "enabled": true,
                    "type": "boolean",
                    "value": false,
                    "visible": true
                },
                "editorLocked": {
                    "enabled": true,
                    "type": "boolean",
                    "value": false,
                    "visible": true
                },
                "enabled": {
                    "enabled": true,
                    "type": "boolean",
                    "value": true,
                    "visible": true
                },
                "halign": {
                    "enabled": true,
                    "type": "combo",
                    "value": 1,
                    "visible": true
                },
                "height": {
                    "enabled": true,
                    "type": "integer",
                    "value": 480,
                    "visible": true
                },
                "id": {
                    "enabled": true,
                    "type": "uuid",
                    "value": "{b0834063-f16c-493c-828d-8a5572f567a0}",
                    "visible": true
                },
                "marginBottom": {
                    "enabled": true,
                    "type": "integer",
                    "value": 4,
                    "visible": true
                },
                "marginLeft": {
                    "enabled": true,
                    "type": "integer",
                    "value": 4,
                    "visible": true
                },
                "marginRight": {
                    "enabled": true,
                    "type": "integer",
                    "value": 4,
                    "visible": true
                },
                "marginTop": {
                    "enabled": true,
                    "type": "integer",
                    "value": 4,
                    "visible": true
                },
                "name": {
                    "enabled": true,
                    "type": "text",
                    "value": "Layer2",
                    "visible": true
                },
                "renderMode": {
                    "enabled": true,
                    "type": "combo",
                    "value": 1,
                    "visible": true
                },
                "scheme": {
                    "enabled": true,
                    "type": "scheme",
                    "value": "{00000000-0000-0000-0000-000000000000}",
                    "visible": true
                },
                "sizeLocked": {
                    "enabled": true,
                    "type": "boolean",
                    "value": true,
                    "visible": true
                },
                "valign": {
                    "enabled": true,
                    "type": "combo",
                    "value": 1,
                    "visible": true
                },
                "visible": {
                    "enabled": true,
                    "type": "boolean",
                    "value": true,
                    "visible": true
                },
                "width": {
                    "enabled": true,
                    "type": "integer",
                    "value": 800,
                    "visible": true
                },
                "x": {
                    "enabled": true,
                    "type": "integer",
                    "value": 0,
                    "visible": true
                },
                "y": {
                    "enabled": true,
                    "type": "integer",
                    "value": 0,
                    "visible": true
                }
            }
        }
    ],
    "properties": {
        "__categories": [
            {
                "expanded": true,
                "id": "screen",
                "visible": true
            },
            {
                "expanded": true,
                "id": "event",
                "visible": true
            }
        ],
        "__groups": [
        ],
        "createAtStartup": {
            "enabled": true,
            "type": "boolean",
            "value": false,
            "visible": false
        },
        "enabled": {
            "enabled": true,
            "type": "boolean",
            "value": true,
            "visible": true
        },
        "id": {
            "enabled": true,
            "type": "uuid",
            "value": "{cca51bdd-8333-4bbb-9474-81a017996f85}",
            "visible": true
        },
        "name": {
            "enabled": true,
            "type": "text",
            "value": "Screen0",
            "visible": true
        },
        "persistent": {
            "enabled": true,
            "type": "boolean",
            "value": false,
            "visible": true
        }
    }
}
