{
    "images": [
        {
            "id": "{99eee3c2-1ab4-467d-8df4-dec8f3880a9c}",
            "name": "mchpLogo_small",
            "type": "RGB"
        },
        {
            "id": "{edbd37b1-20f2-46b2-af69-31fcf0ea2349}",
            "name": "MHGS_logo_smaller",
            "type": "RGB"
        },
        {
            "id": "{b979a5ea-1af5-4eef-b93b-fbfdba8fb488}",
            "name": "QuickstartDown_WQVGA",
            "type": "RGB"
        },
        {
            "id": "{c4a007d8-6168-4e05-9f80-402b325b99ec}",
            "name": "QuickstartUp_WQVGA",
            "type": "RGB"
        },
        {
            "id": "{6c55b9c8-fef7-490e-a921-0b1315c1f433}",
            "name": "background0",
            "type": "RGB"
        },
        {
            "id": "{a63e1f01-e155-49f6-a09a-2b46815b4a82}",
            "name": "button_off",
            "type": "RGB"
        },
        {
            "id": "{977e867f-cdb5-4a89-9406-ceb12eb2ed3e}",
            "name": "button_on",
            "type": "RGB"
        },
        {
            "id": "{53765151-07a2-44f8-a808-2416bd214a58}",
            "name": "MicrochipLogo",
            "type": "RGB"
        },
        {
            "id": "{46908ddd-5f38-463b-a60d-cc6355ecef94}",
            "name": "round_power_off",
            "type": "RGB"
        },
        {
            "id": "{ce652957-3710-4223-96a7-e21bfe8ee892}",
            "name": "round_power_on",
            "type": "RGB"
        },
        {
            "id": "{74383f49-e9b7-4d11-8695-fd04255bae75}",
            "name": "background",
            "type": "RGB"
        },
        {
            "id": "{fc4f3a47-122c-4e27-b721-ee83916db57b}",
            "name": "Battery0",
            "type": "RGB"
        },
        {
            "id": "{f80fa6fe-9771-426a-9123-e3f5b6e989ec}",
            "name": "Battery1",
            "type": "RGB"
        },
        {
            "id": "{5d7e3b52-80bd-441d-b674-b1b3997b5f0f}",
            "name": "Battery2",
            "type": "RGB"
        },
        {
            "id": "{ba3bef7f-aa00-4cee-9df4-a789a5f17094}",
            "name": "Battery3",
            "type": "RGB"
        },
        {
            "id": "{386186f1-3332-4bd8-841c-6b12402662a2}",
            "name": "Battery4",
            "type": "RGB"
        },
        {
            "id": "{5ddc25d3-a64a-456d-b9e6-35b6b30c9758}",
            "name": "Battery5",
            "type": "RGB"
        },
        {
            "id": "{6f73baed-1aa4-4aa4-8b7d-5363d853bf4a}",
            "name": "Battery6",
            "type": "RGB"
        },
        {
            "id": "{6915042a-bc46-4930-9047-2771504d52a1}",
            "name": "Battery7",
            "type": "RGB"
        },
        {
            "id": "{89f83c86-3362-4eae-b403-d8f32280e20d}",
            "name": "Battery8",
            "type": "RGB"
        },
        {
            "id": "{7c4309ea-a2d1-43ee-ab67-f85a9e8e7ec1}",
            "name": "Battery9",
            "type": "RGB"
        },
        {
            "id": "{74db691f-4368-47a9-8f52-0bbb13d525b5}",
            "name": "Battery10",
            "type": "RGB"
        },
        {
            "id": "{edd50c04-129e-4a16-8666-afb2a3b7d520}",
            "name": "minus",
            "type": "RGB"
        },
        {
            "id": "{9e78013d-4e82-4d48-b021-cac8bd55429d}",
            "name": "minusp",
            "type": "RGB"
        },
        {
            "id": "{929fe003-922a-4efc-8adf-ece1dc9c0409}",
            "name": "plus",
            "type": "RGB"
        },
        {
            "id": "{de0212fb-04b7-4244-a97f-2eac5e905413}",
            "name": "plusp",
            "type": "RGB"
        },
        {
            "id": "{fc513c9a-f4b1-441b-b6c1-e2fc9ad9ca8a}",
            "name": "cable0",
            "type": "RGB"
        },
        {
            "id": "{e7e5d9fc-6452-427e-9335-958fe137b011}",
            "name": "cable1",
            "type": "RGB"
        },
        {
            "id": "{019e022a-2de6-41db-8bff-a6098925fcf1}",
            "name": "cable2",
            "type": "RGB"
        },
        {
            "id": "{cd1b95e1-9c09-4650-8989-e695432f6422}",
            "name": "cable3",
            "type": "RGB"
        },
        {
            "id": "{8d47e510-3287-41d4-94da-6a4322cb00d1}",
            "name": "cable4",
            "type": "RGB"
        },
        {
            "id": "{177aea23-cb86-468a-a69f-ea6f0e3647a8}",
            "name": "cable5",
            "type": "RGB"
        },
        {
            "id": "{1cc848de-6e2a-46c4-91fc-6ddd87aa0292}",
            "name": "cable6",
            "type": "RGB"
        },
        {
            "id": "{94fc28a3-dee0-49f1-8a9d-f4dad81ae7d5}",
            "name": "cable7",
            "type": "RGB"
        },
        {
            "id": "{651e3bcd-be7c-4e04-a1fa-75599e4746a9}",
            "name": "cable8",
            "type": "RGB"
        },
        {
            "id": "{b899c228-4fbc-4688-b1b4-a1357c8fb4b8}",
            "name": "cable9",
            "type": "RGB"
        },
        {
            "id": "{e7d3edb1-1e25-4ff1-9019-3aec06734e30}",
            "name": "cable10",
            "type": "RGB"
        },
        {
            "id": "{5636cb2f-4e5e-4871-b911-3cdd5e9a13a4}",
            "name": "cable11",
            "type": "RGB"
        },
        {
            "id": "{9f9bca31-3066-455b-82a6-bbcb2aee1264}",
            "name": "cable12",
            "type": "RGB"
        },
        {
            "id": "{f6be5965-709f-41b6-a83b-ffdf897985c7}",
            "name": "cable13",
            "type": "RGB"
        }
    ],
    "paths": [
    ]
}
