{
    "images": [
        {
            "id": "{07b5702f-4ad3-48e1-b840-0c14b3e2c68d}",
            "name": "QuickstartDown_WVGA",
            "type": "RGB"
        },
        {
            "id": "{b1f3e368-6e9e-4640-9b9d-08fbf74c6914}",
            "name": "QuickstartUp_WVGA",
            "type": "RGB"
        },
        {
            "id": "{2cf6af2c-e363-4ef3-81d5-c43b85b078e9}",
            "name": "MHGS_logo_WVGA",
            "type": "RGB"
        },
        {
            "id": "{3bbe0a65-a736-40e0-911f-5b0b89002f5d}",
            "name": "mchpLogo_light",
            "type": "RGB"
        },
        {
            "id": "{e1cf949a-2b27-4f2b-86ab-ef292f8d988d}",
            "name": "MicrochipLogo",
            "type": "RGB"
        },
        {
            "id": "{fa4f941f-7d25-447e-ace0-925d1e50133e}",
            "name": "button_off",
            "type": "RGB"
        },
        {
            "id": "{eda93748-3af2-43eb-9ec2-8fa859c69f97}",
            "name": "button_on",
            "type": "RGB"
        },
        {
            "id": "{98b00f2d-090b-4174-9e52-f4d35d9b902e}",
            "name": "Image0",
            "type": "RGB"
        },
        {
            "id": "{d71fbbe1-c5be-4266-b00e-c740b134951a}",
            "name": "round_button_off",
            "type": "RGB"
        },
        {
            "id": "{c01eeee1-1189-4cd4-936b-fb640bdf8262}",
            "name": "round_button_on",
            "type": "RGB"
        },
        {
            "id": "{b5217aa7-5e22-40a8-877b-052a479ca67f}",
            "name": "Image1",
            "type": "RGB"
        },
        {
            "id": "{eccc925a-9346-40cb-9ad4-595d4df6a265}",
            "name": "Battery_horizontal",
            "type": "RGB"
        },
        {
            "id": "{34bcef7e-d510-4489-bd1b-56ac7356f908}",
            "name": "plus",
            "type": "RGB"
        },
        {
            "id": "{8291501f-7a9a-413c-a8ea-ebe184b7ad73}",
            "name": "minus",
            "type": "RGB"
        },
        {
            "id": "{8e87711e-08e8-4ad0-8128-093c6897ca92}",
            "name": "minusp",
            "type": "RGB"
        },
        {
            "id": "{1395daf6-aeae-4996-b8f1-3b5fe5b647b9}",
            "name": "plusp",
            "type": "RGB"
        },
        {
            "id": "{4cf32f30-2e09-418d-bd70-244a1a6773b5}",
            "name": "background0",
            "type": "RGB"
        },
        {
            "id": "{a8ee0e79-3b51-4366-8a28-bf512369b6c1}",
            "name": "background1",
            "type": "RGB"
        },
        {
            "id": "{0902d7b7-ae6e-4e50-8630-637d36c85cdf}",
            "name": "background2",
            "type": "RGB"
        },
        {
            "id": "{77c83ec1-930e-4c34-b443-1fd9b5b4bdb7}",
            "name": "background3",
            "type": "RGB"
        },
        {
            "id": "{0cf3fa88-2034-44b8-9e4d-3b51cf0193a6}",
            "name": "background4",
            "type": "RGB"
        },
        {
            "id": "{9fe97001-fd79-4012-8d7f-b0aebae0af09}",
            "name": "background5",
            "type": "RGB"
        },
        {
            "id": "{f6563bb1-69fe-46e8-bd70-434812f60862}",
            "name": "background6",
            "type": "RGB"
        },
        {
            "id": "{7912f5c4-f8df-4fed-924b-3a733bed4018}",
            "name": "background7",
            "type": "RGB"
        },
        {
            "id": "{17ff2732-43b7-45d5-bf55-a2b8809e1cdd}",
            "name": "background8",
            "type": "RGB"
        },
        {
            "id": "{2a743963-1720-4fac-b0e7-f06658e2e328}",
            "name": "background9",
            "type": "RGB"
        },
        {
            "id": "{f0450834-be97-420e-8eb8-443104125544}",
            "name": "background10",
            "type": "RGB"
        },
        {
            "id": "{a6b9207a-3125-45f0-9b3b-64518c4a4947}",
            "name": "background11",
            "type": "RGB"
        },
        {
            "id": "{8ffd70c7-a860-49b5-9a77-1c470d7f2727}",
            "name": "background12",
            "type": "RGB"
        },
        {
            "id": "{86929eb9-c894-4696-8f32-dd8b2b090e31}",
            "name": "background13",
            "type": "RGB"
        },
        {
            "id": "{db8beb03-97a9-42ab-b2e5-b68ab310fa41}",
            "name": "Battery0",
            "type": "RGB"
        },
        {
            "id": "{ea68d91c-786e-4b94-ac51-437d0a37636e}",
            "name": "Battery1",
            "type": "RGB"
        },
        {
            "id": "{690a9946-2ab5-4cdc-9319-e4fb08093fb5}",
            "name": "Battery2",
            "type": "RGB"
        },
        {
            "id": "{a98c5588-6b19-40d8-bdac-dd30fd18781f}",
            "name": "Battery3",
            "type": "RGB"
        },
        {
            "id": "{16f50df8-3fec-44c6-8d87-6f7a7703e56a}",
            "name": "Battery4",
            "type": "RGB"
        },
        {
            "id": "{3778bcca-679e-4d2f-a508-b629be7969c0}",
            "name": "Battery5",
            "type": "RGB"
        },
        {
            "id": "{488c5e31-3137-4a0f-a3d3-07ce3d55a378}",
            "name": "Battery6",
            "type": "RGB"
        },
        {
            "id": "{c876bf7c-288f-4747-86e8-de3809d0695a}",
            "name": "Battery7",
            "type": "RGB"
        },
        {
            "id": "{db6a4f80-47d0-4db8-bdf5-4c67611f4c57}",
            "name": "Battery8",
            "type": "RGB"
        },
        {
            "id": "{b450fba2-0b5d-44e7-9310-d8a5d4126223}",
            "name": "Battery9",
            "type": "RGB"
        },
        {
            "id": "{0c8d5e5a-1e9e-4392-ba38-8ce02fb1584a}",
            "name": "Battery10",
            "type": "RGB"
        }
    ],
    "paths": [
    ]
}
