{
    "images": [
        {
            "id": "{cbddf375-1600-41d1-8607-988a28b40c2e}",
            "name": "image1",
            "type": "RGB"
        },
        {
            "id": "{eb3b9930-3328-4ddf-b77a-44b4e23659e3}",
            "name": "image0",
            "type": "RGB"
        },
        {
            "id": "{1bd1d0e5-7524-483e-ad5f-e5a96c66f86b}",
            "name": "MicrochipLogo",
            "type": "RGB"
        },
        {
            "id": "{bb8f8bc9-5c9f-44ce-891e-de6708b388f3}",
            "name": "minus",
            "type": "RGB"
        },
        {
            "id": "{b408c7fa-7bf5-4406-adf7-da4cda396442}",
            "name": "minusp",
            "type": "RGB"
        },
        {
            "id": "{e4cc2f21-4672-4174-9414-acb46cb2f32a}",
            "name": "plus",
            "type": "RGB"
        },
        {
            "id": "{f3578b81-8692-4bca-9e32-2e82b66bb950}",
            "name": "plusp",
            "type": "RGB"
        },
        {
            "id": "{2f18fd03-1be8-42cc-911f-3e51c10f9e82}",
            "name": "round_power_off",
            "type": "RGB"
        },
        {
            "id": "{19413df8-0650-4968-a76c-d2db072add77}",
            "name": "round_power_on",
            "type": "RGB"
        },
        {
            "id": "{06affeb2-a887-484f-862c-3e32764d596c}",
            "name": "Battery0",
            "type": "RGB"
        },
        {
            "id": "{fda62dc4-28c1-45b1-93e8-2d07cd8cf213}",
            "name": "Battery1",
            "type": "RGB"
        },
        {
            "id": "{304bbaca-a17f-41fa-90c9-0724754141a6}",
            "name": "Battery2",
            "type": "RGB"
        },
        {
            "id": "{5636611a-921c-4842-9d82-de46bcf613d2}",
            "name": "Battery3",
            "type": "RGB"
        },
        {
            "id": "{fdbde8dc-356a-4f61-adeb-f8a1b6712e50}",
            "name": "Battery4",
            "type": "RGB"
        },
        {
            "id": "{950d5e24-42eb-4df9-bf74-34808e83eba2}",
            "name": "Battery5",
            "type": "RGB"
        },
        {
            "id": "{2333074c-7e10-4eec-ac86-63df27793438}",
            "name": "Battery6",
            "type": "RGB"
        },
        {
            "id": "{d98f2c1f-7d99-4826-805e-62f4cd58eda7}",
            "name": "Battery7",
            "type": "RGB"
        },
        {
            "id": "{984acba2-7a50-4070-bd3d-32073b65fb9b}",
            "name": "Battery8",
            "type": "RGB"
        },
        {
            "id": "{06004c2f-5ea2-4899-802d-30e87019e9c7}",
            "name": "Battery9",
            "type": "RGB"
        },
        {
            "id": "{894fd469-e9e2-4549-a7b1-59b20968ff43}",
            "name": "Battery10",
            "type": "RGB"
        },
        {
            "id": "{d2241495-4008-4248-98a9-939ef13f2825}",
            "name": "cable0",
            "type": "RGB"
        },
        {
            "id": "{30a3805e-d521-4d14-a518-62b401a3f30a}",
            "name": "cable1",
            "type": "RGB"
        },
        {
            "id": "{78fb2ec1-3c7a-43a2-8bef-4d6379344545}",
            "name": "cable2",
            "type": "RGB"
        },
        {
            "id": "{333127c2-ad8a-4672-ae79-5632563dbecf}",
            "name": "cable3",
            "type": "RGB"
        },
        {
            "id": "{72d777fd-8ae2-4f4a-a527-e74157f0c9f1}",
            "name": "cable4",
            "type": "RGB"
        },
        {
            "id": "{5656b099-c2be-460b-a6cf-820c7691c13f}",
            "name": "cable5",
            "type": "RGB"
        },
        {
            "id": "{a444c064-db1f-4ce0-83ae-3ed1d579abd1}",
            "name": "cable6",
            "type": "RGB"
        },
        {
            "id": "{d6c5370a-8616-43c3-9131-ce9b3c75b417}",
            "name": "cable7",
            "type": "RGB"
        },
        {
            "id": "{ff1688f9-2e21-4b01-a710-6ab7b13ec9ec}",
            "name": "cable8",
            "type": "RGB"
        },
        {
            "id": "{98e091e8-4699-4b7a-a1d5-9077c8eb96cd}",
            "name": "cable9",
            "type": "RGB"
        },
        {
            "id": "{8d0ba35e-c903-4037-9c2e-662d483b793c}",
            "name": "cable10",
            "type": "RGB"
        },
        {
            "id": "{297d4b04-23ce-4aa9-afbd-9a8490d9f302}",
            "name": "cable11",
            "type": "RGB"
        },
        {
            "id": "{528fbb39-0842-40ac-9d30-be49f34aeeda}",
            "name": "cable12",
            "type": "RGB"
        },
        {
            "id": "{78c62245-76be-475d-8309-d450f82b047e}",
            "name": "cable13",
            "type": "RGB"
        }
    ],
    "paths": [
    ]
}
