{
    "images": [
        {
            "id": "{cbddf375-1600-41d1-8607-988a28b40c2e}",
            "name": "image1",
            "type": "RGB"
        },
        {
            "id": "{eb3b9930-3328-4ddf-b77a-44b4e23659e3}",
            "name": "image0",
            "type": "RGB"
        },
        {
            "id": "{1bd1d0e5-7524-483e-ad5f-e5a96c66f86b}",
            "name": "MicrochipLogo",
            "type": "RGB"
        },
        {
            "id": "{bb8f8bc9-5c9f-44ce-891e-de6708b388f3}",
            "name": "minus",
            "type": "RGB"
        },
        {
            "id": "{b408c7fa-7bf5-4406-adf7-da4cda396442}",
            "name": "minusp",
            "type": "RGB"
        },
        {
            "id": "{e4cc2f21-4672-4174-9414-acb46cb2f32a}",
            "name": "plus",
            "type": "RGB"
        },
        {
            "id": "{f3578b81-8692-4bca-9e32-2e82b66bb950}",
            "name": "plusp",
            "type": "RGB"
        },
        {
            "id": "{2f18fd03-1be8-42cc-911f-3e51c10f9e82}",
            "name": "round_power_off",
            "type": "RGB"
        },
        {
            "id": "{19413df8-0650-4968-a76c-d2db072add77}",
            "name": "round_power_on",
            "type": "RGB"
        },
        {
            "id": "{06affeb2-a887-484f-862c-3e32764d596c}",
            "name": "Battery0",
            "type": "RGB"
        },
        {
            "id": "{fda62dc4-28c1-45b1-93e8-2d07cd8cf213}",
            "name": "Battery1",
            "type": "RGB"
        },
        {
            "id": "{304bbaca-a17f-41fa-90c9-0724754141a6}",
            "name": "Battery2",
            "type": "RGB"
        },
        {
            "id": "{5636611a-921c-4842-9d82-de46bcf613d2}",
            "name": "Battery3",
            "type": "RGB"
        },
        {
            "id": "{fdbde8dc-356a-4f61-adeb-f8a1b6712e50}",
            "name": "Battery4",
            "type": "RGB"
        },
        {
            "id": "{950d5e24-42eb-4df9-bf74-34808e83eba2}",
            "name": "Battery5",
            "type": "RGB"
        },
        {
            "id": "{2333074c-7e10-4eec-ac86-63df27793438}",
            "name": "Battery6",
            "type": "RGB"
        },
        {
            "id": "{d98f2c1f-7d99-4826-805e-62f4cd58eda7}",
            "name": "Battery7",
            "type": "RGB"
        },
        {
            "id": "{984acba2-7a50-4070-bd3d-32073b65fb9b}",
            "name": "Battery8",
            "type": "RGB"
        },
        {
            "id": "{06004c2f-5ea2-4899-802d-30e87019e9c7}",
            "name": "Battery9",
            "type": "RGB"
        },
        {
            "id": "{894fd469-e9e2-4549-a7b1-59b20968ff43}",
            "name": "Battery10",
            "type": "RGB"
        },
        {
            "id": "{5b5f8aaa-ea2a-4b38-95f9-a83dac9df36b}",
            "name": "background0",
            "type": "RGB"
        },
        {
            "id": "{ba42b6a0-c504-4346-ad5e-6b8f9d536a4d}",
            "name": "background1",
            "type": "RGB"
        },
        {
            "id": "{9ccce91c-e0ca-459b-9b57-70170727c4da}",
            "name": "background2",
            "type": "RGB"
        },
        {
            "id": "{e139ad1b-ad1c-4864-ba2d-f88d8e353236}",
            "name": "background3",
            "type": "RGB"
        },
        {
            "id": "{adca8ebf-ec4f-4767-ad59-da3e255c99b7}",
            "name": "background4",
            "type": "RGB"
        },
        {
            "id": "{98ae5346-6c4f-43bf-b7c1-9c6667932858}",
            "name": "background5",
            "type": "RGB"
        },
        {
            "id": "{165e3efe-109e-4f5f-acdf-979a030e699c}",
            "name": "background6",
            "type": "RGB"
        },
        {
            "id": "{b54d63ee-c60b-44a8-baf8-a094c705f133}",
            "name": "background7",
            "type": "RGB"
        },
        {
            "id": "{a3be63a0-ff9f-4982-8def-255850dc1331}",
            "name": "background8",
            "type": "RGB"
        },
        {
            "id": "{ed457411-090e-4904-b0ea-6da0045afcfd}",
            "name": "background9",
            "type": "RGB"
        },
        {
            "id": "{f4c87230-a8f3-4af1-8606-512ef23a0c51}",
            "name": "background10",
            "type": "RGB"
        },
        {
            "id": "{31aff823-ed5b-4d30-a8c7-9297b5d016ba}",
            "name": "background11",
            "type": "RGB"
        },
        {
            "id": "{0c08b416-d553-4ae4-a037-95ac70e45aaf}",
            "name": "background12",
            "type": "RGB"
        },
        {
            "id": "{cb053c35-5fcc-4f60-81cd-761c7dfb3417}",
            "name": "background13",
            "type": "RGB"
        }
    ],
    "paths": [
    ]
}
