{
    "properties": {
        "__categories": [
            {
                "expanded": true,
                "id": "fontInfo",
                "visible": true
            },
            {
                "expanded": true,
                "id": "name",
                "visible": true
            }
        ],
        "__groups": [
        ],
        "antialias": {
            "enabled": true,
            "type": "boolean",
            "value": false,
            "visible": true
        },
        "dataMemoryLocation": {
            "enabled": false,
            "type": "memorylocation",
            "value": "{4317a434-3a82-442a-8f0a-4e022ff58a9e}",
            "visible": true
        },
        "dataSize": {
            "enabled": true,
            "type": "integer",
            "value": 0,
            "visible": false
        },
        "glyphCount": {
            "enabled": false,
            "type": "integer",
            "value": 96,
            "visible": true
        },
        "glyphDataSize": {
            "enabled": false,
            "type": "integer",
            "value": 10840,
            "visible": true
        },
        "glyphMemoryLocation": {
            "enabled": true,
            "type": "memorylocation",
            "value": "{4317a434-3a82-442a-8f0a-4e022ff58a9e}",
            "visible": true
        },
        "height": {
            "enabled": true,
            "type": "integer",
            "value": 21,
            "visible": false
        },
        "id": {
            "enabled": true,
            "type": "uuid",
            "value": "{a1a6527c-e757-4b8e-9a35-206687a9c482}",
            "visible": true
        },
        "kerningDataSize": {
            "enabled": false,
            "type": "integer",
            "value": 1924,
            "visible": true
        },
        "maxBaseline": {
            "enabled": true,
            "type": "integer",
            "value": 37,
            "visible": false
        },
        "maxHeight": {
            "enabled": true,
            "type": "integer",
            "value": 50,
            "visible": false
        },
        "name": {
            "enabled": true,
            "type": "text",
            "value": "",
            "visible": true
        },
        "outputName": {
            "enabled": true,
            "type": "text",
            "value": "NotoSans_48",
            "visible": true
        },
        "pointSize": {
            "enabled": true,
            "type": "integer",
            "value": 48,
            "visible": true
        },
        "sourceName": {
            "enabled": false,
            "type": "text",
            "value": "NotoSans-Bold.ttf",
            "visible": true
        }
    }
}
