{
    "images": [
        {
            "id": "{99eee3c2-1ab4-467d-8df4-dec8f3880a9c}",
            "name": "mchpLogo_small",
            "type": "RGB"
        },
        {
            "id": "{edbd37b1-20f2-46b2-af69-31fcf0ea2349}",
            "name": "MHGS_logo_smaller",
            "type": "RGB"
        },
        {
            "id": "{b979a5ea-1af5-4eef-b93b-fbfdba8fb488}",
            "name": "QuickstartDown_WQVGA",
            "type": "RGB"
        },
        {
            "id": "{c4a007d8-6168-4e05-9f80-402b325b99ec}",
            "name": "QuickstartUp_WQVGA",
            "type": "RGB"
        },
        {
            "id": "{6c55b9c8-fef7-490e-a921-0b1315c1f433}",
            "name": "background0",
            "type": "RGB"
        },
        {
            "id": "{a63e1f01-e155-49f6-a09a-2b46815b4a82}",
            "name": "button_off",
            "type": "RGB"
        },
        {
            "id": "{977e867f-cdb5-4a89-9406-ceb12eb2ed3e}",
            "name": "button_on",
            "type": "RGB"
        },
        {
            "id": "{53765151-07a2-44f8-a808-2416bd214a58}",
            "name": "MicrochipLogo",
            "type": "RGB"
        },
        {
            "id": "{46908ddd-5f38-463b-a60d-cc6355ecef94}",
            "name": "round_power_off",
            "type": "RGB"
        },
        {
            "id": "{ce652957-3710-4223-96a7-e21bfe8ee892}",
            "name": "round_power_on",
            "type": "RGB"
        },
        {
            "id": "{74383f49-e9b7-4d11-8695-fd04255bae75}",
            "name": "background",
            "type": "RGB"
        },
        {
            "id": "{fc4f3a47-122c-4e27-b721-ee83916db57b}",
            "name": "Battery0",
            "type": "RGB"
        },
        {
            "id": "{f80fa6fe-9771-426a-9123-e3f5b6e989ec}",
            "name": "Battery1",
            "type": "RGB"
        },
        {
            "id": "{5d7e3b52-80bd-441d-b674-b1b3997b5f0f}",
            "name": "Battery2",
            "type": "RGB"
        },
        {
            "id": "{ba3bef7f-aa00-4cee-9df4-a789a5f17094}",
            "name": "Battery3",
            "type": "RGB"
        },
        {
            "id": "{386186f1-3332-4bd8-841c-6b12402662a2}",
            "name": "Battery4",
            "type": "RGB"
        },
        {
            "id": "{5ddc25d3-a64a-456d-b9e6-35b6b30c9758}",
            "name": "Battery5",
            "type": "RGB"
        },
        {
            "id": "{6f73baed-1aa4-4aa4-8b7d-5363d853bf4a}",
            "name": "Battery6",
            "type": "RGB"
        },
        {
            "id": "{6915042a-bc46-4930-9047-2771504d52a1}",
            "name": "Battery7",
            "type": "RGB"
        },
        {
            "id": "{89f83c86-3362-4eae-b403-d8f32280e20d}",
            "name": "Battery8",
            "type": "RGB"
        },
        {
            "id": "{7c4309ea-a2d1-43ee-ab67-f85a9e8e7ec1}",
            "name": "Battery9",
            "type": "RGB"
        },
        {
            "id": "{74db691f-4368-47a9-8f52-0bbb13d525b5}",
            "name": "Battery10",
            "type": "RGB"
        },
        {
            "id": "{edd50c04-129e-4a16-8666-afb2a3b7d520}",
            "name": "minus",
            "type": "RGB"
        },
        {
            "id": "{9e78013d-4e82-4d48-b021-cac8bd55429d}",
            "name": "minusp",
            "type": "RGB"
        },
        {
            "id": "{929fe003-922a-4efc-8adf-ece1dc9c0409}",
            "name": "plus",
            "type": "RGB"
        },
        {
            "id": "{de0212fb-04b7-4244-a97f-2eac5e905413}",
            "name": "plusp",
            "type": "RGB"
        }
    ],
    "paths": [
    ]
}
