{
    "bindings": [
        {
            "font": "{3a64a065-66e9-4c2e-aaf8-1409fdab6ce0}",
            "language": "{fcfe3ff4-f230-448f-9078-4599da2911d5}",
            "string": "{21fa44ea-1c14-4759-bf22-1fcbd0954b9c}"
        },
        {
            "font": "{9348a3b2-13b8-4f19-937b-065194ddf307}",
            "language": "{fcfe3ff4-f230-448f-9078-4599da2911d5}",
            "string": "{30769274-467b-461b-a027-730a33fe33c8}"
        },
        {
            "font": "{3a64a065-66e9-4c2e-aaf8-1409fdab6ce0}",
            "language": "{fcfe3ff4-f230-448f-9078-4599da2911d5}",
            "string": "{36df73cc-3974-455f-a701-400570ffc9e6}"
        },
        {
            "font": "{3a64a065-66e9-4c2e-aaf8-1409fdab6ce0}",
            "language": "{fcfe3ff4-f230-448f-9078-4599da2911d5}",
            "string": "{3ad0161d-14b1-4e95-9d3c-5c285dade105}"
        },
        {
            "font": "{3a64a065-66e9-4c2e-aaf8-1409fdab6ce0}",
            "language": "{fcfe3ff4-f230-448f-9078-4599da2911d5}",
            "string": "{4257c276-ee2a-4f53-8804-8d5b548ff393}"
        },
        {
            "font": "{3a64a065-66e9-4c2e-aaf8-1409fdab6ce0}",
            "language": "{fcfe3ff4-f230-448f-9078-4599da2911d5}",
            "string": "{44b64af9-b452-48f3-b207-d508468a0a24}"
        },
        {
            "font": "{3a64a065-66e9-4c2e-aaf8-1409fdab6ce0}",
            "language": "{fcfe3ff4-f230-448f-9078-4599da2911d5}",
            "string": "{4fa8a7bc-88c8-4104-98cf-72590672a773}"
        },
        {
            "font": "{3a64a065-66e9-4c2e-aaf8-1409fdab6ce0}",
            "language": "{fcfe3ff4-f230-448f-9078-4599da2911d5}",
            "string": "{552ca17e-86c1-4b88-9941-6ea4346e7627}"
        },
        {
            "font": "{3a64a065-66e9-4c2e-aaf8-1409fdab6ce0}",
            "language": "{fcfe3ff4-f230-448f-9078-4599da2911d5}",
            "string": "{c1ca5526-552b-4282-b491-ee87568afab2}"
        },
        {
            "font": "{3a64a065-66e9-4c2e-aaf8-1409fdab6ce0}",
            "language": "{fcfe3ff4-f230-448f-9078-4599da2911d5}",
            "string": "{dfcb8c51-af10-48bb-90c1-035da07d76bb}"
        },
        {
            "font": "{9348a3b2-13b8-4f19-937b-065194ddf307}",
            "language": "{fcfe3ff4-f230-448f-9078-4599da2911d5}",
            "string": "{4b6fd6e0-8e04-497b-9a50-af730b8df10a}"
        },
        {
            "font": "{9348a3b2-13b8-4f19-937b-065194ddf307}",
            "language": "{fcfe3ff4-f230-448f-9078-4599da2911d5}",
            "string": "{6b87f0ba-29cf-41de-ad03-a7f66da65e7f}"
        },
        {
            "font": "{9348a3b2-13b8-4f19-937b-065194ddf307}",
            "language": "{fcfe3ff4-f230-448f-9078-4599da2911d5}",
            "string": "{74f50f10-e8ab-482d-9a20-f0f7b3099ec8}"
        },
        {
            "font": "{9348a3b2-13b8-4f19-937b-065194ddf307}",
            "language": "{fcfe3ff4-f230-448f-9078-4599da2911d5}",
            "string": "{e8b81a0e-6f38-47c7-9886-41c1bf4d7713}"
        },
        {
            "font": "{9642b92f-2125-446f-a21b-e1a4c9a3771c}",
            "language": "{fcfe3ff4-f230-448f-9078-4599da2911d5}",
            "string": "{23995dfe-c200-4c80-9695-e3dccd293b04}"
        },
        {
            "font": "{3a64a065-66e9-4c2e-aaf8-1409fdab6ce0}",
            "language": "{fcfe3ff4-f230-448f-9078-4599da2911d5}",
            "string": "{248fea47-8b87-40ee-9e1e-e89b09a2114e}"
        },
        {
            "font": "{9642b92f-2125-446f-a21b-e1a4c9a3771c}",
            "language": "{fcfe3ff4-f230-448f-9078-4599da2911d5}",
            "string": "{2684c55b-a629-412c-877f-719ecbf33d5c}"
        },
        {
            "font": "{9642b92f-2125-446f-a21b-e1a4c9a3771c}",
            "language": "{fcfe3ff4-f230-448f-9078-4599da2911d5}",
            "string": "{3f0c334f-ade6-423a-9375-d7de3816e84d}"
        },
        {
            "font": "{9642b92f-2125-446f-a21b-e1a4c9a3771c}",
            "language": "{fcfe3ff4-f230-448f-9078-4599da2911d5}",
            "string": "{a08fec27-80be-4b2e-b9f3-09aa3309e89f}"
        }
    ],
    "defaultLanguage": "{fcfe3ff4-f230-448f-9078-4599da2911d5}",
    "encoding": "ASCII",
    "languages": [
        {
            "properties": {
                "__categories": [
                ],
                "__groups": [
                ],
                "enabled": {
                    "enabled": true,
                    "type": "boolean",
                    "value": true,
                    "visible": true
                },
                "id": {
                    "enabled": true,
                    "type": "uuid",
                    "value": "{fcfe3ff4-f230-448f-9078-4599da2911d5}",
                    "visible": true
                },
                "name": {
                    "enabled": true,
                    "type": "text",
                    "value": "English",
                    "visible": true
                }
            }
        }
    ],
    "paths": [
    ],
    "strings": [
        {
            "properties": {
                "__categories": [
                ],
                "__groups": [
                ],
                "description": {
                    "enabled": true,
                    "type": "text",
                    "value": "",
                    "visible": true
                },
                "id": {
                    "enabled": true,
                    "type": "uuid",
                    "value": "{21fa44ea-1c14-4759-bf22-1fcbd0954b9c}",
                    "visible": true
                },
                "name": {
                    "enabled": true,
                    "type": "text",
                    "value": "energy_unit",
                    "visible": true
                },
                "path": {
                    "enabled": true,
                    "type": "text",
                    "value": "/",
                    "visible": true
                }
            },
            "values": [
                {
                    "language": "{fcfe3ff4-f230-448f-9078-4599da2911d5}",
                    "value": "kWh"
                }
            ]
        },
        {
            "properties": {
                "__categories": [
                ],
                "__groups": [
                ],
                "description": {
                    "enabled": true,
                    "type": "text",
                    "value": "",
                    "visible": true
                },
                "id": {
                    "enabled": true,
                    "type": "uuid",
                    "value": "{23995dfe-c200-4c80-9695-e3dccd293b04}",
                    "visible": true
                },
                "name": {
                    "enabled": true,
                    "type": "text",
                    "value": "Smart",
                    "visible": true
                },
                "path": {
                    "enabled": true,
                    "type": "text",
                    "value": "/",
                    "visible": true
                }
            },
            "values": [
                {
                    "language": "{fcfe3ff4-f230-448f-9078-4599da2911d5}",
                    "value": "Smart."
                }
            ]
        },
        {
            "properties": {
                "__categories": [
                ],
                "__groups": [
                ],
                "description": {
                    "enabled": true,
                    "type": "text",
                    "value": "",
                    "visible": true
                },
                "id": {
                    "enabled": true,
                    "type": "uuid",
                    "value": "{248fea47-8b87-40ee-9e1e-e89b09a2114e}",
                    "visible": true
                },
                "name": {
                    "enabled": true,
                    "type": "text",
                    "value": "evcharger",
                    "visible": true
                },
                "path": {
                    "enabled": true,
                    "type": "text",
                    "value": "/",
                    "visible": true
                }
            },
            "values": [
                {
                    "language": "{fcfe3ff4-f230-448f-9078-4599da2911d5}",
                    "value": "EV Charging"
                }
            ]
        },
        {
            "properties": {
                "__categories": [
                ],
                "__groups": [
                ],
                "description": {
                    "enabled": true,
                    "type": "text",
                    "value": "",
                    "visible": true
                },
                "id": {
                    "enabled": true,
                    "type": "uuid",
                    "value": "{2684c55b-a629-412c-877f-719ecbf33d5c}",
                    "visible": true
                },
                "name": {
                    "enabled": true,
                    "type": "text",
                    "value": "Notice",
                    "visible": true
                },
                "path": {
                    "enabled": true,
                    "type": "text",
                    "value": "/",
                    "visible": true
                }
            },
            "values": [
                {
                    "language": "{fcfe3ff4-f230-448f-9078-4599da2911d5}",
                    "value": "Please,\\nplug your car"
                }
            ]
        },
        {
            "properties": {
                "__categories": [
                ],
                "__groups": [
                ],
                "description": {
                    "enabled": true,
                    "type": "text",
                    "value": "",
                    "visible": true
                },
                "id": {
                    "enabled": true,
                    "type": "uuid",
                    "value": "{30769274-467b-461b-a027-730a33fe33c8}",
                    "visible": true
                },
                "name": {
                    "enabled": true,
                    "type": "text",
                    "value": "rtc",
                    "visible": true
                },
                "path": {
                    "enabled": true,
                    "type": "text",
                    "value": "/",
                    "visible": true
                }
            },
            "values": [
                {
                    "language": "{fcfe3ff4-f230-448f-9078-4599da2911d5}",
                    "value": "09/15/2022 - 15:05 "
                }
            ]
        },
        {
            "properties": {
                "__categories": [
                ],
                "__groups": [
                ],
                "description": {
                    "enabled": true,
                    "type": "text",
                    "value": "",
                    "visible": true
                },
                "id": {
                    "enabled": true,
                    "type": "uuid",
                    "value": "{36df73cc-3974-455f-a701-400570ffc9e6}",
                    "visible": true
                },
                "name": {
                    "enabled": true,
                    "type": "text",
                    "value": "remaining_charge",
                    "visible": true
                },
                "path": {
                    "enabled": true,
                    "type": "text",
                    "value": "/",
                    "visible": true
                }
            },
            "values": [
                {
                    "language": "{fcfe3ff4-f230-448f-9078-4599da2911d5}",
                    "value": "10%"
                }
            ]
        },
        {
            "properties": {
                "__categories": [
                ],
                "__groups": [
                ],
                "description": {
                    "enabled": true,
                    "type": "text",
                    "value": "",
                    "visible": true
                },
                "id": {
                    "enabled": true,
                    "type": "uuid",
                    "value": "{3ad0161d-14b1-4e95-9d3c-5c285dade105}",
                    "visible": true
                },
                "name": {
                    "enabled": true,
                    "type": "text",
                    "value": "energy",
                    "visible": true
                },
                "path": {
                    "enabled": true,
                    "type": "text",
                    "value": "/",
                    "visible": true
                }
            },
            "values": [
                {
                    "language": "{fcfe3ff4-f230-448f-9078-4599da2911d5}",
                    "value": "4"
                }
            ]
        },
        {
            "properties": {
                "__categories": [
                ],
                "__groups": [
                ],
                "description": {
                    "enabled": true,
                    "type": "text",
                    "value": "",
                    "visible": true
                },
                "id": {
                    "enabled": true,
                    "type": "uuid",
                    "value": "{3f0c334f-ade6-423a-9375-d7de3816e84d}",
                    "visible": true
                },
                "name": {
                    "enabled": true,
                    "type": "text",
                    "value": "Fast",
                    "visible": true
                },
                "path": {
                    "enabled": true,
                    "type": "text",
                    "value": "/",
                    "visible": true
                }
            },
            "values": [
                {
                    "language": "{fcfe3ff4-f230-448f-9078-4599da2911d5}",
                    "value": "Fast."
                }
            ]
        },
        {
            "properties": {
                "__categories": [
                ],
                "__groups": [
                ],
                "description": {
                    "enabled": true,
                    "type": "text",
                    "value": "",
                    "visible": true
                },
                "id": {
                    "enabled": true,
                    "type": "uuid",
                    "value": "{4257c276-ee2a-4f53-8804-8d5b548ff393}",
                    "visible": true
                },
                "name": {
                    "enabled": true,
                    "type": "text",
                    "value": "pwr_unit",
                    "visible": true
                },
                "path": {
                    "enabled": true,
                    "type": "text",
                    "value": "/",
                    "visible": true
                }
            },
            "values": [
                {
                    "language": "{fcfe3ff4-f230-448f-9078-4599da2911d5}",
                    "value": "kW"
                }
            ]
        },
        {
            "properties": {
                "__categories": [
                ],
                "__groups": [
                ],
                "description": {
                    "enabled": true,
                    "type": "text",
                    "value": "",
                    "visible": true
                },
                "id": {
                    "enabled": true,
                    "type": "uuid",
                    "value": "{44b64af9-b452-48f3-b207-d508468a0a24}",
                    "visible": true
                },
                "name": {
                    "enabled": true,
                    "type": "text",
                    "value": "ctime_unit",
                    "visible": true
                },
                "path": {
                    "enabled": true,
                    "type": "text",
                    "value": "/",
                    "visible": true
                }
            },
            "values": [
                {
                    "language": "{fcfe3ff4-f230-448f-9078-4599da2911d5}",
                    "value": "min"
                }
            ]
        },
        {
            "properties": {
                "__categories": [
                ],
                "__groups": [
                ],
                "description": {
                    "enabled": true,
                    "type": "text",
                    "value": "",
                    "visible": true
                },
                "id": {
                    "enabled": true,
                    "type": "uuid",
                    "value": "{4b6fd6e0-8e04-497b-9a50-af730b8df10a}",
                    "visible": true
                },
                "name": {
                    "enabled": true,
                    "type": "text",
                    "value": "time_label",
                    "visible": true
                },
                "path": {
                    "enabled": true,
                    "type": "text",
                    "value": "/",
                    "visible": true
                }
            },
            "values": [
                {
                    "language": "{fcfe3ff4-f230-448f-9078-4599da2911d5}",
                    "value": "Remaining\\nTime"
                }
            ]
        },
        {
            "properties": {
                "__categories": [
                ],
                "__groups": [
                ],
                "description": {
                    "enabled": true,
                    "type": "text",
                    "value": "",
                    "visible": true
                },
                "id": {
                    "enabled": true,
                    "type": "uuid",
                    "value": "{4fa8a7bc-88c8-4104-98cf-72590672a773}",
                    "visible": true
                },
                "name": {
                    "enabled": true,
                    "type": "text",
                    "value": "rtime_unit",
                    "visible": true
                },
                "path": {
                    "enabled": true,
                    "type": "text",
                    "value": "/",
                    "visible": true
                }
            },
            "values": [
                {
                    "language": "{fcfe3ff4-f230-448f-9078-4599da2911d5}",
                    "value": "min"
                }
            ]
        },
        {
            "properties": {
                "__categories": [
                ],
                "__groups": [
                ],
                "description": {
                    "enabled": true,
                    "type": "text",
                    "value": "",
                    "visible": true
                },
                "id": {
                    "enabled": true,
                    "type": "uuid",
                    "value": "{552ca17e-86c1-4b88-9941-6ea4346e7627}",
                    "visible": true
                },
                "name": {
                    "enabled": true,
                    "type": "text",
                    "value": "ctime",
                    "visible": true
                },
                "path": {
                    "enabled": true,
                    "type": "text",
                    "value": "/",
                    "visible": true
                }
            },
            "values": [
                {
                    "language": "{fcfe3ff4-f230-448f-9078-4599da2911d5}",
                    "value": "10"
                }
            ]
        },
        {
            "properties": {
                "__categories": [
                ],
                "__groups": [
                ],
                "description": {
                    "enabled": true,
                    "type": "text",
                    "value": "",
                    "visible": true
                },
                "id": {
                    "enabled": true,
                    "type": "uuid",
                    "value": "{6b87f0ba-29cf-41de-ad03-a7f66da65e7f}",
                    "visible": true
                },
                "name": {
                    "enabled": true,
                    "type": "text",
                    "value": "denergy_label",
                    "visible": true
                },
                "path": {
                    "enabled": true,
                    "type": "text",
                    "value": "/",
                    "visible": true
                }
            },
            "values": [
                {
                    "language": "{fcfe3ff4-f230-448f-9078-4599da2911d5}",
                    "value": "Delivered\\nEnergy"
                }
            ]
        },
        {
            "properties": {
                "__categories": [
                ],
                "__groups": [
                ],
                "description": {
                    "enabled": true,
                    "type": "text",
                    "value": "",
                    "visible": true
                },
                "id": {
                    "enabled": true,
                    "type": "uuid",
                    "value": "{74f50f10-e8ab-482d-9a20-f0f7b3099ec8}",
                    "visible": true
                },
                "name": {
                    "enabled": true,
                    "type": "text",
                    "value": "ctime_label",
                    "visible": true
                },
                "path": {
                    "enabled": true,
                    "type": "text",
                    "value": "/",
                    "visible": true
                }
            },
            "values": [
                {
                    "language": "{fcfe3ff4-f230-448f-9078-4599da2911d5}",
                    "value": "Charge\\nTime"
                }
            ]
        },
        {
            "properties": {
                "__categories": [
                ],
                "__groups": [
                ],
                "description": {
                    "enabled": true,
                    "type": "text",
                    "value": "",
                    "visible": true
                },
                "id": {
                    "enabled": true,
                    "type": "uuid",
                    "value": "{a08fec27-80be-4b2e-b9f3-09aa3309e89f}",
                    "visible": true
                },
                "name": {
                    "enabled": true,
                    "type": "text",
                    "value": "Easy",
                    "visible": true
                },
                "path": {
                    "enabled": true,
                    "type": "text",
                    "value": "/",
                    "visible": true
                }
            },
            "values": [
                {
                    "language": "{fcfe3ff4-f230-448f-9078-4599da2911d5}",
                    "value": "Easy."
                }
            ]
        },
        {
            "properties": {
                "__categories": [
                ],
                "__groups": [
                ],
                "description": {
                    "enabled": true,
                    "type": "text",
                    "value": "",
                    "visible": true
                },
                "id": {
                    "enabled": true,
                    "type": "uuid",
                    "value": "{c1ca5526-552b-4282-b491-ee87568afab2}",
                    "visible": true
                },
                "name": {
                    "enabled": true,
                    "type": "text",
                    "value": "rtime",
                    "visible": true
                },
                "path": {
                    "enabled": true,
                    "type": "text",
                    "value": "/",
                    "visible": true
                }
            },
            "values": [
                {
                    "language": "{fcfe3ff4-f230-448f-9078-4599da2911d5}",
                    "value": "180"
                }
            ]
        },
        {
            "properties": {
                "__categories": [
                ],
                "__groups": [
                ],
                "description": {
                    "enabled": true,
                    "type": "text",
                    "value": "",
                    "visible": true
                },
                "id": {
                    "enabled": true,
                    "type": "uuid",
                    "value": "{dfcb8c51-af10-48bb-90c1-035da07d76bb}",
                    "visible": true
                },
                "name": {
                    "enabled": true,
                    "type": "text",
                    "value": "pwr",
                    "visible": true
                },
                "path": {
                    "enabled": true,
                    "type": "text",
                    "value": "/",
                    "visible": true
                }
            },
            "values": [
                {
                    "language": "{fcfe3ff4-f230-448f-9078-4599da2911d5}",
                    "value": "25"
                }
            ]
        },
        {
            "properties": {
                "__categories": [
                ],
                "__groups": [
                ],
                "description": {
                    "enabled": true,
                    "type": "text",
                    "value": "",
                    "visible": true
                },
                "id": {
                    "enabled": true,
                    "type": "uuid",
                    "value": "{e8b81a0e-6f38-47c7-9886-41c1bf4d7713}",
                    "visible": true
                },
                "name": {
                    "enabled": true,
                    "type": "text",
                    "value": "op_label",
                    "visible": true
                },
                "path": {
                    "enabled": true,
                    "type": "text",
                    "value": "/",
                    "visible": true
                }
            },
            "values": [
                {
                    "language": "{fcfe3ff4-f230-448f-9078-4599da2911d5}",
                    "value": "Output\\nPower"
                }
            ]
        }
    ]
}
