{
    "images": [
        {
            "id": "{07b5702f-4ad3-48e1-b840-0c14b3e2c68d}",
            "name": "QuickstartDown_WVGA",
            "type": "RGB"
        },
        {
            "id": "{b1f3e368-6e9e-4640-9b9d-08fbf74c6914}",
            "name": "QuickstartUp_WVGA",
            "type": "RGB"
        },
        {
            "id": "{2cf6af2c-e363-4ef3-81d5-c43b85b078e9}",
            "name": "MHGS_logo_WVGA",
            "type": "RGB"
        },
        {
            "id": "{3bbe0a65-a736-40e0-911f-5b0b89002f5d}",
            "name": "mchpLogo_light",
            "type": "RGB"
        },
        {
            "id": "{e1cf949a-2b27-4f2b-86ab-ef292f8d988d}",
            "name": "MicrochipLogo",
            "type": "RGB"
        },
        {
            "id": "{fa4f941f-7d25-447e-ace0-925d1e50133e}",
            "name": "button_off",
            "type": "RGB"
        },
        {
            "id": "{eda93748-3af2-43eb-9ec2-8fa859c69f97}",
            "name": "button_on",
            "type": "RGB"
        },
        {
            "id": "{98b00f2d-090b-4174-9e52-f4d35d9b902e}",
            "name": "Image0",
            "type": "RGB"
        },
        {
            "id": "{d71fbbe1-c5be-4266-b00e-c740b134951a}",
            "name": "round_button_off",
            "type": "RGB"
        },
        {
            "id": "{c01eeee1-1189-4cd4-936b-fb640bdf8262}",
            "name": "round_button_on",
            "type": "RGB"
        },
        {
            "id": "{b5217aa7-5e22-40a8-877b-052a479ca67f}",
            "name": "Image1",
            "type": "RGB"
        }
    ],
    "paths": [
    ]
}
