{
    "bindings": [
        {
            "font": "{a1a6527c-e757-4b8e-9a35-206687a9c482}",
            "language": "{8c1bc3a0-445f-4851-b63b-c3b286c7cf7c}",
            "string": "{8dccb05b-8c1e-45f9-814b-3532af61d275}"
        },
        {
            "font": "{da5b4797-3bc5-44f2-a774-23f9dff6e96a}",
            "language": "{8c1bc3a0-445f-4851-b63b-c3b286c7cf7c}",
            "string": "{231c1ac1-e22d-414e-9e1e-a4ccb8a5c9a5}"
        },
        {
            "font": "{da5b4797-3bc5-44f2-a774-23f9dff6e96a}",
            "language": "{8c1bc3a0-445f-4851-b63b-c3b286c7cf7c}",
            "string": "{f3f4e238-c4f2-41c2-b595-ecb4649d2ad9}"
        },
        {
            "font": "{da5b4797-3bc5-44f2-a774-23f9dff6e96a}",
            "language": "{8c1bc3a0-445f-4851-b63b-c3b286c7cf7c}",
            "string": "{fbb4f795-9144-4567-b5e3-1246d16ab39b}"
        }
    ],
    "defaultLanguage": "{8c1bc3a0-445f-4851-b63b-c3b286c7cf7c}",
    "encoding": "ASCII",
    "languages": [
        {
            "properties": {
                "__categories": [
                ],
                "__groups": [
                ],
                "enabled": {
                    "enabled": true,
                    "type": "boolean",
                    "value": true,
                    "visible": true
                },
                "id": {
                    "enabled": true,
                    "type": "uuid",
                    "value": "{8c1bc3a0-445f-4851-b63b-c3b286c7cf7c}",
                    "visible": true
                },
                "name": {
                    "enabled": true,
                    "type": "text",
                    "value": "Default",
                    "visible": true
                }
            }
        }
    ],
    "paths": [
    ],
    "strings": [
        {
            "properties": {
                "__categories": [
                ],
                "__groups": [
                ],
                "description": {
                    "enabled": true,
                    "type": "text",
                    "value": "",
                    "visible": true
                },
                "id": {
                    "enabled": true,
                    "type": "uuid",
                    "value": "{231c1ac1-e22d-414e-9e1e-a4ccb8a5c9a5}",
                    "visible": true
                },
                "name": {
                    "enabled": true,
                    "type": "text",
                    "value": "Smart",
                    "visible": true
                },
                "path": {
                    "enabled": true,
                    "type": "text",
                    "value": "/",
                    "visible": true
                }
            },
            "values": [
                {
                    "language": "{8c1bc3a0-445f-4851-b63b-c3b286c7cf7c}",
                    "value": "Smart."
                }
            ]
        },
        {
            "properties": {
                "__categories": [
                ],
                "__groups": [
                ],
                "description": {
                    "enabled": true,
                    "type": "text",
                    "value": "",
                    "visible": true
                },
                "id": {
                    "enabled": true,
                    "type": "uuid",
                    "value": "{8dccb05b-8c1e-45f9-814b-3532af61d275}",
                    "visible": true
                },
                "name": {
                    "enabled": true,
                    "type": "text",
                    "value": "Notice",
                    "visible": true
                },
                "path": {
                    "enabled": true,
                    "type": "text",
                    "value": "/",
                    "visible": true
                }
            },
            "values": [
                {
                    "language": "{8c1bc3a0-445f-4851-b63b-c3b286c7cf7c}",
                    "value": "Please, \\nplug your car"
                }
            ]
        },
        {
            "properties": {
                "__categories": [
                ],
                "__groups": [
                ],
                "description": {
                    "enabled": true,
                    "type": "text",
                    "value": "",
                    "visible": true
                },
                "id": {
                    "enabled": true,
                    "type": "uuid",
                    "value": "{f3f4e238-c4f2-41c2-b595-ecb4649d2ad9}",
                    "visible": true
                },
                "name": {
                    "enabled": true,
                    "type": "text",
                    "value": "Easy",
                    "visible": true
                },
                "path": {
                    "enabled": true,
                    "type": "text",
                    "value": "/",
                    "visible": true
                }
            },
            "values": [
                {
                    "language": "{8c1bc3a0-445f-4851-b63b-c3b286c7cf7c}",
                    "value": "Easy."
                }
            ]
        },
        {
            "properties": {
                "__categories": [
                ],
                "__groups": [
                ],
                "description": {
                    "enabled": true,
                    "type": "text",
                    "value": "",
                    "visible": true
                },
                "id": {
                    "enabled": true,
                    "type": "uuid",
                    "value": "{fbb4f795-9144-4567-b5e3-1246d16ab39b}",
                    "visible": true
                },
                "name": {
                    "enabled": true,
                    "type": "text",
                    "value": "Fast",
                    "visible": true
                },
                "path": {
                    "enabled": true,
                    "type": "text",
                    "value": "/",
                    "visible": true
                }
            },
            "values": [
                {
                    "language": "{8c1bc3a0-445f-4851-b63b-c3b286c7cf7c}",
                    "value": "Fast."
                }
            ]
        }
    ]
}
