{
    "images": [
        {
            "id": "{07b5702f-4ad3-48e1-b840-0c14b3e2c68d}",
            "name": "QuickstartDown_WVGA",
            "type": "RGB"
        },
        {
            "id": "{b1f3e368-6e9e-4640-9b9d-08fbf74c6914}",
            "name": "QuickstartUp_WVGA",
            "type": "RGB"
        },
        {
            "id": "{2cf6af2c-e363-4ef3-81d5-c43b85b078e9}",
            "name": "MHGS_logo_WVGA",
            "type": "RGB"
        },
        {
            "id": "{3bbe0a65-a736-40e0-911f-5b0b89002f5d}",
            "name": "mchpLogo_light",
            "type": "RGB"
        },
        {
            "id": "{e1cf949a-2b27-4f2b-86ab-ef292f8d988d}",
            "name": "MicrochipLogo",
            "type": "RGB"
        },
        {
            "id": "{fa4f941f-7d25-447e-ace0-925d1e50133e}",
            "name": "button_off",
            "type": "RGB"
        },
        {
            "id": "{eda93748-3af2-43eb-9ec2-8fa859c69f97}",
            "name": "button_on",
            "type": "RGB"
        },
        {
            "id": "{98b00f2d-090b-4174-9e52-f4d35d9b902e}",
            "name": "Image0",
            "type": "RGB"
        },
        {
            "id": "{d71fbbe1-c5be-4266-b00e-c740b134951a}",
            "name": "round_button_off",
            "type": "RGB"
        },
        {
            "id": "{c01eeee1-1189-4cd4-936b-fb640bdf8262}",
            "name": "round_button_on",
            "type": "RGB"
        },
        {
            "id": "{b5217aa7-5e22-40a8-877b-052a479ca67f}",
            "name": "Image1",
            "type": "RGB"
        },
        {
            "id": "{eccc925a-9346-40cb-9ad4-595d4df6a265}",
            "name": "Battery_horizontal",
            "type": "RGB"
        },
        {
            "id": "{34bcef7e-d510-4489-bd1b-56ac7356f908}",
            "name": "plus",
            "type": "RGB"
        },
        {
            "id": "{8291501f-7a9a-413c-a8ea-ebe184b7ad73}",
            "name": "minus",
            "type": "RGB"
        },
        {
            "id": "{8e87711e-08e8-4ad0-8128-093c6897ca92}",
            "name": "minusp",
            "type": "RGB"
        },
        {
            "id": "{1395daf6-aeae-4996-b8f1-3b5fe5b647b9}",
            "name": "plusp",
            "type": "RGB"
        },
        {
            "id": "{ac6ebc4a-f9d6-4785-a027-b222512acd29}",
            "name": "background0",
            "type": "RGB"
        },
        {
            "id": "{e75476f1-fbef-4b5a-8017-f4f0ca11a234}",
            "name": "background1",
            "type": "RGB"
        },
        {
            "id": "{fbde48cd-7a1a-4aee-9ec0-a66d852cd072}",
            "name": "background2",
            "type": "RGB"
        },
        {
            "id": "{19a6e299-6412-4cfe-8b1d-ade68b93690d}",
            "name": "background3",
            "type": "RGB"
        },
        {
            "id": "{6412e68c-2bdc-4ea8-8396-ea56930fabfd}",
            "name": "background4",
            "type": "RGB"
        },
        {
            "id": "{b40ebc00-76d2-4408-8a98-334d770fb703}",
            "name": "background5",
            "type": "RGB"
        },
        {
            "id": "{3d3354c3-2666-4e41-ab0e-bd7d303518c6}",
            "name": "background6",
            "type": "RGB"
        },
        {
            "id": "{31afa610-14e9-4ec1-b881-d23373b6f5ec}",
            "name": "background7",
            "type": "RGB"
        },
        {
            "id": "{c66d71d1-8530-40c7-85b1-4264d9443bee}",
            "name": "background8",
            "type": "RGB"
        },
        {
            "id": "{bb052d59-4325-481b-b76f-df05b24bec76}",
            "name": "background9",
            "type": "RGB"
        },
        {
            "id": "{fd8a14b5-6e24-4a4f-90b2-dd24b3674e45}",
            "name": "background10",
            "type": "RGB"
        },
        {
            "id": "{b1b70ac3-4deb-4607-ae16-a7ca9a4e004c}",
            "name": "background11",
            "type": "RGB"
        },
        {
            "id": "{51de01da-e577-4cd1-96fb-2ad265d7172c}",
            "name": "background12",
            "type": "RGB"
        },
        {
            "id": "{5c5201c6-5109-43fc-b61d-0c46c77e0c4f}",
            "name": "background13",
            "type": "RGB"
        },
        {
            "id": "{55618e73-54d2-41de-8944-741e6bf769c3}",
            "name": "Battery0",
            "type": "RGB"
        },
        {
            "id": "{beaa0c0c-5c16-479f-a72f-4ccf435350e9}",
            "name": "Battery1",
            "type": "RGB"
        },
        {
            "id": "{aa8c2766-9928-407c-b95e-f3d055d6d260}",
            "name": "Battery2",
            "type": "RGB"
        },
        {
            "id": "{0ccdbcbb-e874-4cef-937c-76142dd3833e}",
            "name": "Battery3",
            "type": "RGB"
        },
        {
            "id": "{fb901baf-d5ec-4388-8eda-62c626b323c6}",
            "name": "Battery4",
            "type": "RGB"
        },
        {
            "id": "{00402626-1a9b-4172-9aab-bf5ee367dc52}",
            "name": "Battery5",
            "type": "RGB"
        },
        {
            "id": "{195c7d81-7309-49e9-a579-1e8009e52337}",
            "name": "Battery6",
            "type": "RGB"
        },
        {
            "id": "{a3f8b8c2-6516-4c20-9be7-3aa88890f3a3}",
            "name": "Battery7",
            "type": "RGB"
        },
        {
            "id": "{595780b7-c0ec-4dc2-a223-af191220bf85}",
            "name": "Battery8",
            "type": "RGB"
        },
        {
            "id": "{4725b5e9-2e07-4672-968c-2fc9adb36510}",
            "name": "Battery9",
            "type": "RGB"
        },
        {
            "id": "{a10d6a53-2a57-4355-9d74-7c2f7f0f57cc}",
            "name": "Battery10",
            "type": "RGB"
        }
    ],
    "paths": [
    ]
}
